Object Name,Velocity(km/s),Redshift,Magnitude,Distance(Mpc)
NGC 7814,1051,0.003506,11.56,25.822601906346012
NGC 7817,2310,0.007705,12.56,40.926065973001094
IC 1531,7687,0.025641,13.8,72.44359600749891
NGC 0024,554,0.001848,12.38,37.670379898390934
NGC 0045,467,0.001558,11.55,25.703957827688594
NGC 0055,131,0.000437,8.84,7.379042301291015
NGC 0134,1582,0.005277,11.4,23.988329190194897
NGC 0151,3732,0.01245,12.8,45.708818961487424
NGC 0210,1638,0.005464,12.53,40.36453929676048
ESO 079- G 005,1711,0.005708,13.72,69.82324040771705
NGC 0247,156,0.00052,9.86,11.803206356517299
NGC 0253,242,0.000807,7.09,3.2960971217745825
NGC 0262,4507,0.015034,13.2,54.954087385762485
NGC 0266,4647,0.015501,12.54,40.550853544838354
NGC 0278,627,0.00209,11.47,24.774220576332862
NGC 0289,1629,0.005434,11.72,27.797132677592884
NGC 0300,144,0.00048,8.95,7.762471166286928
NGC 0315,4942,0.016485,12.2,34.67368504525324
NGC 0337,1650,0.005504,12.46,39.08408957924025
Sculptor Dwarf Elliptical,110,0.000367,8.6,6.606934480075965
MCG -01-03-085,1095,0.003652,13.24,55.975760149511046
IC 1633,7270,0.02425,12.48,39.44573020752793
NGC 0410,5204,0.017359,12.52,40.17908108489392
NGC 0428,1155,0.003853,11.91,30.338911841942657
NGC 0439,5803,0.019357,12.59,41.49540426343633
NGC 0470,2375,0.007922,12.53,40.36453929676048
NGC 0474,2315,0.007722,12.37,37.49730022454834
NGC 0488,2272,0.007579,11.15,21.379620895022324
NGC 0507,4934,0.016458,12.2,34.67368504525324
NGC 0524,2403,0.008016,11.3,22.9086765276777
NGC 0533,5549,0.018509,12.41,38.194427084004566
NGC 0578,1629,0.005434,11.44,24.434305526939713
NGC 0584,1831,0.006106,11.44,24.434305526939713
NGC 0596,1903,0.006348,12.5,39.81071705534969
NGC 0613,1475,0.00492,10.7,17.378008287493763
NGC 0625,396,0.001321,11.5,25.118864315095824
NGC 0615,1838,0.006131,12.47,39.26449353995993
MESSIER 074,657,0.002192,9.95,12.302687708123837
NGC 0636,1877,0.006261,12.76,44.87453899331314
NGC 0660,848,0.002829,12.0,31.622776601683793
NGC 0669,4674,0.015591,13.36,59.156163417547425
IC 1727,345,0.001151,12.07,32.6587832172336
NGC 0685,1363,0.004546,11.5,25.118864315095824
NGC 0672,429,0.001431,11.47,24.774220576332862
NGC 0676,1506,0.005023,10.5,15.848931924611142
NGC 0678,2835,0.009457,13.33,58.34451042737447
NGC 0684,3537,0.011798,13.34,58.61381645140297
NGC 0691,2666,0.008893,11.6,26.302679918953814
UGC 01308,5171,0.017249,13.77,71.44963260755121
NGC 0674,3090,0.010307,12.84,46.55860935229601
NGC 0720,1745,0.005821,11.16,21.478304741305287
NGC 0718,1733,0.005781,12.59,41.49540426343633
IC 0171,5359,0.017876,13.23,55.71857489319304
UGC 01400,5336,0.017799,13.8,72.44359600749891
UGC 01378,2935,0.00979,13.5,63.09573444801929
NGC 0741,5484,0.018294,12.2,34.67368504525324
NGC 0772,2472,0.008246,10.0,12.589254117941662
NGC 0779,1391,0.00464,11.95,30.90295432513592
NGC 0777,5015,0.016728,12.49,39.627803425544016
NGC 0784,198,0.00066,12.23,35.156044052829905
NGC 0812,5163,0.017222,12.2,34.67368504525324
NGC 0821,1735,0.005787,11.67,27.164392688390837
NGC 0828,5350,0.017846,13.15,53.703179637025215
NGC 0864,1562,0.00521,11.4,23.988329190194897
NGC 0895,2288,0.007632,11.8,28.840315031265998
NGC 0890,3946,0.013164,12.2,34.67368504525324
NGC 0891,528,0.001761,10.81,18.281002161427445
NGC 0908,1505,0.005019,10.83,18.450154191794738
NGC 0925,553,0.001845,10.69,17.298163592151
NGC 0936,1434,0.004783,11.12,21.086281499332888
NGC 0955,1482,0.004943,12.93,48.5288500162121
NGC 0949,609,0.002031,12.4,38.018939632056124
ESO 115- G 015,9590,0.031989,14.37,94.18895965228398
NGC 0972,1532,0.00511,12.27,35.80964371026355
NGC 0988,1510,0.005037,11.5,25.118864315095824
IC 0239,903,0.003012,11.8,28.840315031265998
Maffei 1,66,0.000221,11.4,23.988329190194897
NGC 1022,1453,0.004847,12.09,32.96097121774583
NGC 1032,2743,0.00915,12.1,33.11311214825914
Fornax Dwarf Spheroidal,53,0.000178,9.28,9.036494737223023
NGC 1042,1371,0.004573,11.5,25.118864315095824
NGC 1023,636,0.002121,10.35,14.791083881682072
NGC 1052,1488,0.004963,12.08,32.809529311311906
NGC 1055,996,0.003322,11.4,23.988329190194897
MESSIER 077,1137,0.003793,9.61,10.519618738232234
NGC 1058,520,0.001735,11.2,21.877616239495563
NGC 1073,1211,0.004039,11.47,24.774220576332862
NGC 1079,1452,0.004843,12.74,44.46312674691093
NGC 1084,1411,0.004707,11.6,26.302679918953814
NGC 1097,1271,0.00424,10.23,13.995873225726205
NGC 1087,1523,0.00508,12.2,34.67368504525324
NGC 1090,2740,0.009141,12.51,39.9944749761097
ESO 199- G 001,9476,0.031608,13.7,69.18309709189376
NGC 1145,2063,0.006881,13.81,72.77798045368242
NGC 1156,375,0.001251,12.32,36.643757464783334
NGC 1161,1901,0.00634,12.05,32.35936569296281
NGC 1187,1390,0.004637,11.67,27.164392688390837
WISEA J030319.11-561139.3,9746,0.032509,15.27,142.56075936021878
NGC 1169,2388,0.007966,12.2,34.67368504525324
NGC 1199,2570,0.008573,12.37,37.49730022454834
NGC 1201,1686,0.005624,12.2,34.67368504525324
NGC 1174,2740,0.00914,12.2,34.67368504525324
NGC 1209,2600,0.008673,12.86,46.98941086052151
MCG -07-07-004,6491,0.021652,15.1,131.825673855641
IC 0284,2722,0.00908,12.47,39.26449353995993
NGC 1218,8485,0.028302,13.84,73.79042301291015
NGC 1232,1603,0.005347,10.93,19.319683170169224
NGC 1249,1073,0.003579,12.19,34.514373933585574
NGC 1241,4026,0.013429,11.99,31.477483141013174
NGC 1247,3947,0.013166,13.47,62.23002851691589
NGC 1255,1686,0.005624,12.06,32.50872973854347
NGC 1253,1713,0.005713,12.27,35.80964371026355
IC 0310,5651,0.018849,13.89,75.50922276654342
NGC 1184,2342,0.007812,13.44,61.37620051647933
NGC 1291,839,0.002799,9.39,9.50604793656281
NGC 1313,470,0.001568,9.2,8.709635899560814
NGC 1272,3815,0.012725,12.86,46.98941086052151
NGC 1300,1578,0.005264,11.42,24.2102904673618
ESO 200-IG 004 NED01,9412,0.031395,15.81,182.81002161427446
NGC 1275,5264,0.017559,11.8,28.840315031265998
NGC 1302,1710,0.005704,11.69,27.41574171927881
WISEA J032236.10-580926.8,13643,0.045508,14.69,109.14403364487572
NGC 1316,1802,0.00601,9.4,9.54992586021435
NGC 1317,1941,0.006474,11.91,30.338911841942657
NGC 1326,1360,0.004537,12.2,34.67368504525324
NGC 1325,1591,0.005307,12.49,39.627803425544016
NGC 1332,1619,0.0054,12.11,33.26595532940047
NGC 1337,1239,0.004133,13.24,55.975760149511046
NGC 1339,1392,0.004643,12.5,39.81071705534969
NGC 1344,1241,0.00414,11.27,22.594357702209738
NGC 1351,1514,0.00505,12.5,39.81071705534969
NGC 1350,1905,0.006354,11.46,24.660393372343414
IC 1954,1062,0.003542,12.15,33.884415613920204
NGC 1353,1525,0.005087,12.57,41.114972110452214
NGC 1357,2009,0.006701,12.83,46.34469197362874
NGC 1365,1636,0.005457,10.32,14.588142602753473
UGC 02783,6054,0.020195,13.9,75.85775750291836
NGC 1371,1463,0.00488,11.2,21.877616239495563
NGC 1374,1294,0.004316,12.0,31.622776601683793
NGC 1379,1324,0.004416,11.8,28.840315031265998
NGC 1380,1877,0.006261,10.9,19.054607179632445
NGC 1381,1724,0.005751,12.4,38.018939632056124
NGC 1386,868,0.002895,12.09,32.96097121774583
NGC 1387,1302,0.004343,12.01,31.76874070649769
NGC 1389,921,0.003072,13.16,53.951062251512674
NGC 1385,1497,0.004993,11.76,28.313919957993786
NGC 1399,1425,0.004753,10.6,16.59586907437563
NGC 1395,1717,0.005727,10.97,19.67886289706843
NGC 1411,983,0.003279,12.23,35.156044052829905
NGC 1404,1947,0.006494,11.0,19.952623149688787
NGC 1398,1396,0.004657,10.63,16.826740610704707
NGC 1406,1075,0.003585,12.4,38.018939632056124
NGC 1400,590,0.001968,11.92,30.47894989627983
NGC 1407,1779,0.005934,10.7,17.378008287493763
NGC 1415,1552,0.005177,12.77,45.081670454145915
NGC 1433,1076,0.003589,10.7,17.378008287493763
NGC 1425,1512,0.005043,11.87,29.78516429429185
NGC 1427,1388,0.00463,11.8,28.840315031265998
NGC 1421,2090,0.006971,11.95,30.90295432513592
NGC 1426,1443,0.004813,13.11,52.72298614228222
NGC 1436,1387,0.004627,12.41,38.194427084004566
NGC 1448,1168,0.003896,11.4,23.988329190194897
NGC 1439,1667,0.005561,13.02,50.58246620031127
NGC 1440,1597,0.005327,12.56,40.926065973001094
IC 0334,2536,0.008459,12.45,38.904514499428124
NGC 1452,1737,0.005794,12.76,44.87453899331314
ESO 358- G 063,1929,0.006434,12.83,46.34469197362874
NGC 1453,3886,0.012962,12.77,45.081670454145915
IC 0342,31,0.000103,9.1,8.317637711026709
IC 1993,1080,0.003602,12.63,42.266861426560325
UGC 02855,1200,0.004003,13.5,63.09573444801929
IC 2000,980,0.003269,12.89,47.64309868054156
IC 2051,1753,0.005847,12.32,36.643757464783334
IC 2006,1382,0.00461,12.2,34.67368504525324
NGC 1493,1053,0.003512,11.78,28.575905433749497
NGC 1511,1341,0.004474,11.88,29.92264636608195
WISEA J040106.63-160639.0,9499,0.031685,16.12,210.86281499332972
NGC 1512,898,0.002995,11.13,21.18361135248504
NGC 1515,1175,0.00392,12.05,32.35936569296281
NGC 1507,863,0.002879,12.89,47.64309868054156
NGC 1518,918,0.003062,12.28,35.97493351557423
IC 0356,895,0.002985,11.39,23.878112829131783
NGC 1521,4243,0.014153,13.1,52.480746024977336
NGC 1527,1212,0.004043,11.74,28.05433637951716
NGC 1533,790,0.002635,11.7,27.54228703338169
NGC 1532,1040,0.003468,10.65,16.982436524617427
NGC 1543,1176,0.003922,11.46,24.660393372343414
NGC 1537,1429,0.004767,12.22,34.994516702835696
NGC 1546,1284,0.004284,11.8,28.840315031265998
NGC 1549,1256,0.00419,10.72,17.538805018417605
NGC 1553,1080,0.003602,10.28,14.321878992735453
NGC 1566,1504,0.005017,10.33,14.655478409559098
NGC 1574,1041,0.003472,11.36,23.55049283896009
NGC 1530,2458,0.008199,12.25,35.481338923357534
NGC 1596,1510,0.005037,12.1,33.11311214825914
NGC 1589,3796,0.012662,12.8,45.708818961487424
NGC 1617,1069,0.003566,11.38,23.76840286624878
NGC 1600,4681,0.015613,11.93,30.619634336906756
3C 120,9896,0.03301,14.1,83.17637711026708
NGC 1615,3330,0.011107,14.57,103.27614057613958
NGC 1637,717,0.002392,11.2,21.877616239495563
NGC 1672,1331,0.00444,10.28,14.321878992735453
NGC 1703,1526,0.00509,11.9,30.199517204020133
NGC 1700,3899,0.013006,12.2,34.67368504525324
NGC 1744,741,0.002472,11.9,30.199517204020133
NGC 1792,1211,0.004039,10.87,18.793168168032647
NGC 1784,2319,0.007735,12.44,38.725764492161645
NGC 1808,1001,0.003339,10.76,17.864875748520497
NGC 1832,1939,0.006468,10.6,16.59586907437563
NGC 1892,1363,0.004546,12.83,46.34469197362874
NGC 1888,2300,0.007672,12.83,46.34469197362874
NGC 1947,1100,0.003669,11.65,26.915348039269137
NGC 1954,3129,0.010437,12.44,38.725764492161645
NGC 1964,1661,0.00554,11.58,26.061535499988924
NGC 1961,3934,0.013122,10.9,19.054607179632445
NGC 2090,922,0.003075,11.99,31.477483141013174
NGC 2110,2293,0.007647,13.4,60.25595860743569
UGCA 116,804,0.002682,15.48,157.03628043335578
ESO 254- G 017,8925,0.029771,14.59,104.23174293933057
ESO 121- G 006,1211,0.004039,13.4,60.25595860743569
NGC 2188,747,0.002492,12.14,33.728730865886924
NGC 2196,2319,0.007735,11.82,29.107171180666082
NGC 2207,2751,0.009176,11.3,22.9086765276777
IC 2163,2688,0.008966,11.6,26.302679918953814
NGC 2146,892,0.002975,11.38,23.76840286624878
UGCA 128,1986,0.006625,12.63,42.266861426560325
NGC 2217,1619,0.0054,11.71,27.669416454115126
NGC 2223,2715,0.009056,12.35,37.153522909717275
Carina dSph,223,0.000744,11.3,22.9086765276777
NGC 2272,2130,0.007104,12.74,44.46312674691093
NGC 2280,1895,0.006321,9.97,12.416523075924095
NGC 2283,841,0.002805,12.93,48.5288500162121
NGC 2292,2036,0.006791,11.83,29.241523778433308
NGC 2293,2037,0.006795,12.28,35.97493351557423
NGC 2305,3499,0.011671,12.74,44.46312674691093
NGC 2273,1840,0.006138,12.55,40.73802778041122
NGC 2310,1142,0.003809,12.74,44.46312674691093
CGCG 204-027,6464,0.021562,14.6,104.71285480508985
NGC 2325,2185,0.007288,12.38,37.670379898390934
UGC 03691,2203,0.007348,12.6,41.68693834703355
NGC 2339,2254,0.007519,12.51,39.9944749761097
NGC 2268,2227,0.007428,12.24,35.3183169791957
NGC 2369,3240,0.010807,13.21,55.20774392807573
NGC 2397,1355,0.00452,12.68,43.25138310350088
NGC 2380,1782,0.005944,12.27,35.80964371026355
NGC 2377,2455,0.008189,13.54,64.26877173170195
NGC 2336,2204,0.007352,11.05,20.417379446695275
NGC 2276,2415,0.008056,11.93,30.619634336906756
NGC 2366,103,0.000344,11.43,24.32204009073816
NGC 2300,1905,0.006354,12.07,32.6587832172336
ESO 208- G 021,1085,0.003619,12.19,34.514373933585574
NGC 2434,1390,0.004637,12.33,36.81289736425313
NGC 2442,1466,0.00489,11.24,22.284351492703077
NGC 2427,972,0.003242,12.33,36.81289736425313
NGC 2403,133,0.000445,8.11,5.272298614228221
ESO 311- G 012,1131,0.003773,12.82,46.13175745603791
CGCG 262-029,10691,0.035661,15.3,144.5439770745928
NGC 2502,1065,0.003551,13.19,54.7015962893971
ESO 209- G 009,1119,0.003733,12.68,43.25138310350088
NGC 2484,12239,0.040825,14.1,83.17637711026708
NGC 2500,514,0.001715,12.2,34.67368504525324
NGC 2525,1580,0.00527,12.26,35.64511334262439
ESO 494- G 026,968,0.003229,12.47,39.26449353995993
NGC 2537,431,0.001438,12.32,36.643757464783334
IC 2233,557,0.001858,13.07,51.760683195056814
NGC 2541,548,0.001828,12.26,35.64511334262439
NGC 2559,1559,0.0052,11.73,27.92543841237342
NGC 2566,1637,0.00546,11.82,29.107171180666082
IC 2311,1844,0.006151,12.5,39.81071705534969
NGC 2549,1051,0.003506,12.1,33.11311214825914
Holmberg II,157,0.000524,11.1,20.892961308540407
NGC 2613,1676,0.005591,11.16,21.478304741305287
ESO 495- G 021,873,0.002912,12.45,38.904514499428124
NGC 2639,3336,0.011128,12.4,38.018939632056124
NGC 2663,2102,0.007012,11.86,29.64831389524339
ESO 371- G 016,2257,0.007529,12.77,45.081670454145915
NGC 2654,1339,0.004465,12.74,44.46312674691093
NGC 2672,4343,0.014487,12.7,43.651583224016655
ESO 371- G 020,2367,0.007895,13.46,61.94410750767811
NGC 2683,411,0.001371,10.64,16.904409316432634
NGC 2681,692,0.002308,11.09,20.79696687103698
NGC 2685,883,0.002945,12.12,33.419504002611355
NGC 2655,1400,0.00467,10.96,19.58844673505989
NGC 2713,3894,0.012989,12.7,43.651583224016655
NGC 2742,1292,0.00431,11.3,22.9086765276777
NGC 2715,1323,0.004413,11.79,28.70780582024692
NGC 2770,1947,0.006494,12.8,45.708818961487424
NGC 2775,1350,0.004503,11.03,20.23019178678272
UGCA 150,1838,0.006131,11.91,30.338911841942657
NGC 2781,2053,0.006848,12.53,40.36453929676048
NGC 2768,1353,0.004513,10.84,18.535316234148144
NGC 2784,691,0.002305,11.3,22.9086765276777
ESO 126- G 002,2858,0.009533,13.58,65.46361740672747
NGC 2748,1476,0.004923,12.4,38.018939632056124
NGC 2822,1652,0.00551,11.66,27.039583641088406
NGC 2782,2558,0.008533,12.3,36.3078054770101
NGC 2811,2368,0.007899,11.5,25.118864315095824
NGC 2815,2545,0.008489,12.81,45.919801283686944
NGC 2835,887,0.002959,11.01,20.044720273651592
NGC 2787,696,0.002322,11.82,29.107171180666082
NGC 2832,6897,0.023006,12.9,47.863009232263806
NGC 2805,1733,0.005779,11.52,25.35128630497902
NGC 2855,1897,0.006328,12.63,42.266861426560325
NGC 2841,635,0.002118,9.53,10.1391138573668
NGC 2887,2881,0.00961,12.77,45.081670454145915
NGC 2865,2627,0.008763,12.57,41.114972110452214
NGC 2859,1688,0.005631,11.83,29.241523778433308
NGC 2915,468,0.001561,13.2,54.954087385762485
NGC 2903,550,0.001834,9.68,10.864256236170643
UGCA 168,926,0.003089,12.8,45.708818961487424
NGC 2911,3231,0.010777,12.5,39.81071705534969
NGC 2935,2271,0.007575,12.35,37.153522909717275
NGC 2967,1878,0.006264,12.3,36.3078054770101
NGC 2974,1887,0.006294,12.3,36.3078054770101
NGC 2950,1322,0.00441,11.7,27.54228703338169
NGC 2965,6696,0.022336,14.0,79.43282347242821
NGC 2986,2302,0.007679,11.72,27.797132677592884
NGC 2997,1089,0.003633,10.06,12.941958414499863
NGC 3001,2464,0.008219,12.72,44.05548635065535
NGC 2976,3,9e-06,10.82,18.365383433483473
NGC 3003,1480,0.004937,12.33,36.81289736425313
NGC 3059,1257,0.004193,11.7,27.54228703338169
NGC 2985,1324,0.004416,11.18,21.677041048196966
NGC 3038,2790,0.009306,12.42,38.37072454922792
NGC 3041,1411,0.004707,12.3,36.3078054770101
NGC 3044,1289,0.0043,12.46,39.08408957924025
NGC 3054,2426,0.008091,11.6,26.302679918953814
NGC 3056,973,0.003246,12.57,41.114972110452214
NGC 3027,1060,0.003536,12.18,34.35579478998743
MESSIER 082,269,0.000897,9.3,9.120108393559077
NGC 3078,2580,0.008606,12.14,33.728730865886924
NGC 3087,2672,0.008913,11.58,26.061535499988924
IC 2531,2472,0.008246,12.9,47.863009232263806
Sextans B,301,0.001004,11.85,29.512092266663903
NGC 3095,2723,0.009083,12.42,38.37072454922792
NGC 3091,3964,0.013222,12.13,33.57376142429552
NGC 3079,1106,0.003689,9.97,12.416523075924095
NGC 3108,2673,0.008916,12.78,45.28975799036214
NGC 3109,403,0.001344,10.39,15.066070661867418
NGC 3077,14,4.7e-05,10.61,16.67247212551061
NGC 3115,686,0.002287,9.87,11.857687481671595
NGC 3136,1713,0.005714,11.7,27.54228703338169
Leo I,285,0.000951,11.18,21.677041048196966
IC 2554,1397,0.004659,12.51,39.9944749761097
NGC 3137,1104,0.003683,12.1,33.11311214825914
NGC 3145,3652,0.012182,12.56,40.926065973001094
NGC 3136B,1780,0.005937,12.7,43.651583224016655
Sextans A,324,0.001081,11.86,29.64831389524339
Sextans dSph,224,0.000748,10.4,15.13561248436207
NGC 3166,1183,0.003946,11.3,22.9086765276777
NGC 3169,1232,0.00411,10.8,18.197008586099827
NGC 3175,1087,0.003626,12.13,33.57376142429552
IC 2560,2925,0.009757,12.53,40.36453929676048
NGC 3147,2802,0.009346,11.43,24.32204009073816
NGC 3190:[LMD2020] B,1310,0.00437,11.3,22.9086765276777
NGC 3184,582,0.001941,10.3,14.45439770745925
NGC 3193,1381,0.004607,11.83,29.241523778433308
NGC 3200,3522,0.011748,12.83,46.34469197362874
NGC 3198,660,0.002202,10.8,18.197008586099827
NGC 3223,2893,0.00965,11.79,28.70780582024692
NGC 3226,1315,0.004386,12.3,36.3078054770101
NGC 3227,1126,0.003756,11.1,20.892961308540407
NGC 3239,710,0.002367,11.73,27.92543841237342
NGC 3250,2824,0.00942,12.18,34.35579478998743
NGC 3245,1326,0.004423,11.9,30.199517204020133
NGC 3256,2804,0.009354,12.15,33.884415613920204
IC 2574,57,0.00019,10.8,18.197008586099827
ESO 436- G 027,4303,0.014353,12.6,41.68693834703355
NGC 3258,2878,0.0096,12.49,39.627803425544016
NGC 3263,3002,0.010012,12.5,39.81071705534969
NGC 3254,1355,0.00452,12.9,47.863009232263806
NGC 3268,2800,0.00934,12.5,39.81071705534969
NGC 3271,3804,0.012689,12.86,46.98941086052151
NGC 3275,3211,0.010711,11.8,28.840315031265998
NGC 3283,2899,0.00967,12.5,39.81071705534969
NGC 3281,3200,0.010674,12.7,43.651583224016655
NGC 3366,2891,0.009645,12.03,32.062693245054675
NGC 3294,1561,0.005206,12.2,34.67368504525324
NGC 3309,4075,0.013593,12.6,41.68693834703355
NGC 3311,3825,0.012759,12.65,42.65795188015926
NGC 3301,1339,0.004466,12.31,36.4753946925608
NGC 3318,2775,0.009255,12.19,34.514373933585574
NGC 3313,3706,0.012362,12.38,37.670379898390934
IC 2597,2267,0.007562,12.84,46.55860935229601
NGC 3310,993,0.003312,11.15,21.379620895022324
NGC 3319,739,0.002465,11.48,24.888573182823954
NGC 3338,1300,0.004336,12.8,45.708818961487424
NGC 3347,3010,0.01004,12.17,34.197944251370934
NGC 3344,580,0.001935,10.45,15.488166189124827
NGC 3358,2988,0.009967,12.29,36.14098626396132
NGC 3346,1274,0.00425,13.4,60.25595860743569
MESSIER 095,779,0.002598,11.4,23.988329190194897
NGC 3367,3038,0.010134,12.7,43.651583224016655
NGC 3359,1014,0.003382,11.03,20.23019178678272
MESSIER 096,888,0.002962,10.11,13.243415351946643
NGC 3348,2737,0.009129,12.17,34.197944251370934
NGC 3377,664,0.002214,11.24,22.284351492703077
MESSIER 105,907,0.003026,10.24,14.060475241299159
NGC 3390,3047,0.010164,12.85,46.77351412871982
NGC 3384,704,0.002348,10.85,18.620871366628695
NGC 3412,841,0.002805,11.7,27.54228703338169
NGC 3423,1004,0.003349,11.59,26.18183008218992
NGC 3414,1470,0.004903,11.96,31.045595881283557
NGC 3430,1586,0.00529,12.2,34.67368504525324
NGC 3432,616,0.002055,10.5,15.848931924611142
WISEA J105249.09+405619.4,1,4e-06,14.1,83.17637711026708
NGC 3449,3276,0.010928,12.19,34.514373933585574
NGC 3489,677,0.002258,11.12,21.086281499332888
NGC 3486,678,0.002262,11.05,20.417379446695275
NGC 3495,1128,0.003763,12.41,38.194427084004566
NGC 3504,1525,0.005087,11.4,23.988329190194897
NGC 3511,1109,0.003699,11.53,25.468302525850444
NGC 3507,979,0.003266,11.73,27.92543841237342
NGC 3513,1193,0.003979,11.93,30.619634336906756
MRK 0421,9000,0.030021,12.8,45.708818961487424
NGC 3521,799,0.002665,9.83,11.64126029410491
NGC 3516,2649,0.008836,12.5,39.81071705534969
ESO 265- G 007,1068,0.003562,12.38,37.670379898390934
NGC 3557,3079,0.01027,11.41,24.099054286865933
MESSIER 108,696,0.002322,10.69,17.298163592151
NGC 3585,1434,0.004783,10.88,18.879913490962963
NGC 3593,622,0.002075,12.6,41.68693834703355
NGC 3596,1193,0.003979,11.95,30.90295432513592
NGC 3607,930,0.003102,10.82,18.365383433483473
NGC 3608,1253,0.00418,11.7,27.54228703338169
NGC 3621,730,0.002435,10.18,13.677288255958494
NGC 3610,1707,0.005694,11.7,27.54228703338169
NGC 3613,2051,0.006841,11.82,29.107171180666082
MESSIER 065,803,0.002679,10.25,14.125375446227554
NGC 3626,1494,0.004983,11.9,30.199517204020133
MESSIER 066,722,0.002408,9.65,10.71519305237605
NGC 3628,846,0.002822,10.2,13.803842646028867
NGC 3631,1156,0.003856,11.01,20.044720273651592
NGC 3640,1298,0.00433,11.36,23.55049283896009
NGC 3646,4246,0.014163,11.1,20.892961308540407
NGC 3642,1585,0.005287,12.6,41.68693834703355
NGC 3666,1060,0.003536,12.8,45.708818961487424
NGC 3665,2069,0.006901,11.9,30.199517204020133
NGC 3672,1871,0.006241,12.2,34.67368504525324
NGC 3673,1940,0.006471,12.34,36.98281797802667
NGC 3681,1232,0.004109,11.9,30.199517204020133
NGC 3686,1157,0.003859,11.89,30.06076302628229
NGC 3706,2977,0.00993,12.38,37.670379898390934
NGC 3705,1018,0.003396,11.86,29.64831389524339
NGC 3717,1733,0.005781,12.24,35.3183169791957
NGC 3718,993,0.003312,11.59,26.18183008218992
NGC 3726,864,0.002882,10.91,19.142559250210823
NGC 3729,1060,0.003536,12.03,32.062693245054675
NGC 3738,236,0.000787,12.13,33.57376142429552
NGC 3735,2696,0.008993,12.5,39.81071705534969
MRK 0180,13491,0.045,15.5,158.4893192461111
NGC 3756,1289,0.0043,12.11,33.26595532940047
NGC 3769,737,0.002459,12.5,39.81071705534969
NGC 3810,992,0.003309,12.0,31.622776601683793
NGC 3862,6474,0.021595,13.67,68.23386941416705
NGC 3877,895,0.002985,12.1,33.11311214825914
NGC 3887,1208,0.004029,11.41,24.099054286865933
NGC 3893,967,0.003226,11.16,21.478304741305287
NGC 3894,3230,0.010773,12.63,42.266861426560325
NGC 3900,1800,0.006004,12.5,39.81071705534969
NGC 3904,1576,0.005257,11.83,29.241523778433308
NGC 3898,1157,0.003859,11.6,26.302679918953814
NGC 3917,965,0.003218,12.51,39.9944749761097
NGC 3923,1739,0.005801,10.8,18.197008586099827
NGC 3936,2013,0.006715,12.76,44.87453899331314
NGC 3938,808,0.002695,10.8,18.197008586099827
NGC 3941,922,0.003075,11.25,22.387211385683376
NGC 3945,1281,0.004273,11.8,28.840315031265998
NGC 3949,800,0.002669,11.7,27.54228703338169
NGC 3953,1050,0.003502,9.88,11.912420080273762
NGC 3955,1491,0.004973,12.89,47.64309868054156
NGC 3962,1815,0.006054,12.5,39.81071705534969
NGC 3981,1723,0.005747,12.08,32.809529311311906
NGC 3982,1112,0.00371,12.0,31.622776601683793
MESSIER 109,1048,0.003496,10.6,16.59586907437563
NGC 3998,1048,0.003496,11.61,26.42408757321945
NGC 4013,831,0.002773,12.1,33.11311214825914
IC 0750,701,0.002337,12.8,45.708818961487424
NGC 4026,985,0.003286,11.67,27.164392688390837
NGC 4027,1671,0.005574,11.66,27.039583641088406
NGC 4030,1458,0.004863,11.6,26.302679918953814
NGC 4036,1385,0.00462,11.7,27.54228703338169
NGC 4038,1624,0.005417,11.2,21.877616239495563
NGC 4039,1641,0.005474,11.08,20.70141348791041
NGC 4041,1215,0.004053,12.1,33.11311214825914
NGC 4045,1961,0.006542,12.9,47.863009232263806
NGC 4051,700,0.002336,10.83,18.450154191794738
NGC 4062,758,0.002528,12.5,39.81071705534969
NGC 4064,907,0.003025,12.22,34.994516702835696
NGC 4073,5912,0.019719,12.9,47.863009232263806
NGC 4088,746,0.002488,11.15,21.379620895022324
NGC 4096,572,0.001908,12.3,36.3078054770101
NGC 4100,1074,0.003584,11.89,30.06076302628229
NGC 4102,846,0.002823,12.3,36.3078054770101
NGC 4105,1858,0.006198,11.6,26.302679918953814
NGC 4106,2150,0.007172,12.36,37.32501577957206
NGC 4111,788,0.002628,11.63,26.668586645214805
NGC 4112,2714,0.009053,12.82,46.13175745603791
NGC 4125,1281,0.004273,10.65,16.982436524617427
NGC 4119,1651,0.005507,12.3,36.3078054770101
NGC 4123,1327,0.004426,12.9,47.863009232263806
NGC 4136,606,0.002021,11.69,27.41574171927881
NGC 4138,874,0.002915,12.16,34.04081897010002
NGC 4143,946,0.003156,11.9,30.199517204020133
NGC 4144,265,0.000884,12.05,32.35936569296281
NGC 4145,1009,0.003366,11.78,28.575905433749497
NGC 4151,997,0.003326,11.5,25.118864315095824
NGC 4150,208,0.000694,12.44,38.725764492161645
NGC 4157,771,0.002572,12.15,33.884415613920204
NGC 4162,2572,0.008579,12.87,47.206304126358994
NGC 4168,2273,0.007582,12.4,38.018939632056124
NGC 4178,374,0.001248,11.9,30.199517204020133
NGC 4179,1300,0.004336,12.1,33.11311214825914
NGC 4183,929,0.003099,12.9,47.863009232263806
NGC 4203,1086,0.003623,11.8,28.840315031265998
NGC 4206,703,0.002345,13.0,50.118723362727245
ESO 380- G 006,2947,0.00983,12.66,42.854852039743925
NGC 4214,291,0.000971,10.24,14.060475241299159
NGC 4217,1028,0.003429,12.04,32.210687912834345
NGC 4216,131,0.000437,10.99,19.86094917357372
NGC 4220,914,0.003049,12.2,34.67368504525324
NGC 4219,1989,0.006635,12.71,43.853069777498604
NGC 4224,2585,0.008621,12.8,45.708818961487424
NGC 4236,0,0.0,10.05,12.882495516931323
NGC 4235,2263,0.007548,12.5,39.81071705534969
NGC 4237,864,0.002881,12.4,38.018939632056124
NGC 4244,244,0.000815,10.88,18.879913490962963
NGC 4242,515,0.001718,11.2,21.877616239495563
UGC 07321,408,0.001361,14.0,79.43282347242821
NGC 4245,869,0.002899,12.31,36.4753946925608
NGC 4251,1066,0.003556,11.58,26.061535499988924
NGC 4256,2489,0.008303,12.7,43.651583224016655
MESSIER 099,2406,0.008026,10.44,15.417004529495584
MESSIER 106,461,0.001538,8.41,6.053408747539123
NGC 4260,1776,0.005924,12.5,39.81071705534969
NGC 4261,2177,0.007261,11.41,24.099054286865933
NGC 4262,1359,0.004533,12.49,39.627803425544016
NGC 4267,1021,0.003406,11.86,29.64831389524339
NGC 4274,930,0.003102,11.34,23.334580622810044
NGC 4278,649,0.002165,11.2,21.877616239495563
NGC 4291,1757,0.005861,12.43,38.54783576657721
NGC 4281,2671,0.008909,12.25,35.481338923357534
NGC 4293,900,0.003003,11.26,22.49054605835778
NGC 4298,1124,0.003749,12.5,39.81071705534969
NGC 4302,1098,0.003663,13.6,66.06934480075964
ESO 321- G?026,3115,0.010389,15.5,158.4893192461111
MESSIER 061,1566,0.005224,10.18,13.677288255958494
NGC 4312,158,0.000526,12.53,40.36453929676048
NGC 4314,963,0.003212,11.43,24.32204009073816
NGC 4313,1431,0.004773,12.5,39.81071705534969
MESSIER 100,1571,0.00524,9.84,11.694993910198724
NGC 4324,1667,0.005561,12.51,39.9944749761097
NGC 4346,832,0.002775,12.14,33.728730865886924
NGC 4339,1266,0.004223,12.26,35.64511334262439
NGC 4340,933,0.003112,12.1,33.11311214825914
NGC 4350,1210,0.004036,11.94,30.76096814740705
NGC 4365,1243,0.004146,10.52,15.995580286146646
NGC 4369,1015,0.003386,12.33,36.81289736425313
NGC 4371,933,0.003112,11.79,28.70780582024692
MESSIER 084,1017,0.003392,10.09,13.12199899019204
NGC 4373,3396,0.011328,11.9,30.199517204020133
NGC 4378,2559,0.008536,12.63,42.266861426560325
NGC 4380,963,0.003212,13.0,50.118723362727245
NGC 4388,2524,0.008419,12.1,33.11311214825914
NGC 4395,319,0.001064,10.64,16.904409316432634
NGC 4394,922,0.003075,11.73,27.92543841237342
NGC 4414,708,0.002362,10.96,19.58844673505989
NGC 4421,1551,0.005174,12.6,41.68693834703355
NGC 4424,437,0.001458,12.34,36.98281797802667
NGC 4429,1104,0.003683,11.02,20.137242498623856
IC 3370,2930,0.009773,11.99,31.477483141013174
NGC 4435,791,0.002638,11.8,28.840315031265998
NGC 4438,71,0.000237,11.02,20.137242498623856
NGC 4442,547,0.001825,11.38,23.76840286624878
NGC 4449,207,0.00069,9.99,12.53141174941418
NGC 4450,1956,0.006525,10.9,19.054607179632445
NGC 4457,882,0.002942,11.76,28.313919957993786
NGC 4459,1192,0.003976,11.32,23.12064790175594
NGC 4461,1924,0.006418,12.09,32.96097121774583
NGC 4469,588,0.001962,12.0,31.622776601683793
MESSIER 049,981,0.003272,9.37,9.4188959652284
NGC 4473,2244,0.007485,11.16,21.478304741305287
NGC 4474,1611,0.005374,12.5,39.81071705534969
NGC 4477,1338,0.004463,11.38,23.76840286624878
NGC 4478,1349,0.0045,12.36,37.32501577957206
NGC 4490,565,0.001885,10.22,13.931568029453036
MESSIER 087,1284,0.004283,9.59,10.423174293933059
NGC 4487,1036,0.003456,12.26,35.64511334262439
NGC 4494,1342,0.004476,10.71,17.45822152920504
NGC 4496A,1730,0.005771,11.94,30.76096814740705
MESSIER 088,2284,0.007619,9.56,10.280162981264747
NGC 4503,1334,0.00445,12.05,32.35936569296281
NGC 4504,998,0.003329,12.5,39.81071705534969
NGC 4517,1126,0.003756,11.1,20.892961308540407
NGC 4526,617,0.002058,10.66,17.06082389003121
NGC 4527,1736,0.005791,11.38,23.76840286624878
NGC 4531,90,0.000301,12.42,38.37072454922792
NGC 4535,1964,0.006551,10.59,16.519617982290182
NGC 4536,1808,0.006031,11.16,21.478304741305287
MESSIER 091,486,0.001621,10.96,19.58844673505989
NGC 4546,1057,0.003526,11.3,22.9086765276777
NGC 4550,459,0.001531,12.3,36.3078054770101
NGC 4551,1176,0.003923,12.97,49.43106869868354
MESSIER 089,340,0.001134,10.73,17.619760464116307
NGC 4559,814,0.002715,10.46,15.55965631605075
NGC 4565,1282,0.004276,10.42,15.275660582380732
NGC 4564,1142,0.003809,12.05,32.35936569296281
NGC 4567,2247,0.007495,12.6,41.68693834703355
NGC 4568,2232,0.007446,12.5,39.81071705534969
NGC 4570,1787,0.005961,11.84,29.376496519615365
NGC 4571,332,0.001107,11.82,29.107171180666082
NGC 4589,1980,0.006605,11.69,27.41574171927881
NGC 4578,2292,0.007645,12.38,37.670379898390934
MESSIER 058,1517,0.00506,10.48,15.703628043335547
NGC 4586,780,0.002603,12.7,43.651583224016655
NGC 4592,1069,0.003566,12.5,39.81071705534969
NGC 4593,2492,0.008312,11.67,27.164392688390837
NGC 4596,1892,0.006311,11.35,23.442288153199225
NGC 4605,136,0.000454,10.89,18.967059212111483
MESSIER 104,1089,0.003633,8.98,7.8704578969510015
NGC 4603,2592,0.008647,12.29,36.14098626396132
NGC 4608,1850,0.006171,11.97,31.188895840939352
NGC 4612,1775,0.005921,12.3,36.3078054770101
NGC 4618,544,0.001815,11.22,22.080047330188968
MESSIER 059,467,0.001558,10.57,16.3681652142781
NGC 4631,610,0.002035,9.75,11.22018454301963
NGC 4638,1152,0.003843,12.1,33.11311214825914
NGC 4636,938,0.003129,10.43,15.34616982799294
NGC 4639,1018,0.003395,12.24,35.3183169791957
NGC 4643,1333,0.004446,11.72,27.797132677592884
NGC 4647,1409,0.0047,11.94,30.76096814740705
MESSIER 060,1110,0.003703,9.81,11.53453257821093
NGC 4651,800,0.002669,11.39,23.878112829131783
NGC 4654,1036,0.003456,12.0,31.622776601683793
NGC 4645,2630,0.008773,12.88,47.42419852602448
NGC 4650,2953,0.00985,12.6,41.68693834703355
NGC 4660,1083,0.003612,12.16,34.04081897010002
NGC 4665,912,0.003042,10.5,15.848931924611142
NGC 4666,1513,0.005047,11.49,25.003453616964347
NGC 4684,1560,0.005204,12.38,37.670379898390934
NGC 4689,1604,0.00535,11.6,26.302679918953814
NGC 4691,1120,0.003736,12.0,31.622776601683793
NGC 4694,1160,0.003869,12.06,32.50872973854347
NGC 4698,1009,0.003366,11.46,24.660393372343414
NGC 4697,1241,0.00414,10.14,13.427649611378643
NGC 4696,2969,0.009904,11.39,23.878112829131783
NGC 4699,1394,0.00465,10.41,15.205475297324938
NGC 4700,1409,0.0047,12.63,42.266861426560325
NGC 4710,1102,0.003676,11.91,30.338911841942657
NGC 4713,654,0.002183,12.4,38.018939632056124
NGC 4719,7071,0.023586,13.8,72.44359600749891
NGC 4725,1209,0.004033,10.11,13.243415351946643
MESSIER 094,308,0.001027,8.99,7.906786279998261
NGC 4731,1491,0.004973,11.9,30.199517204020133
ESO 507- G 025,3234,0.010788,13.02,50.58246620031127
NGC 4742,1270,0.004236,12.83,46.34469197362874
IC 3829,2833,0.00945,12.55,40.73802778041122
NGC 4754,1351,0.004506,11.52,25.35128630497902
NGC 4753,1163,0.003879,10.85,18.620871366628695
NGC 4762,986,0.003289,11.12,21.086281499332888
NGC 4760,4762,0.015884,12.88,47.42419852602448
NGC 4772,1040,0.003469,11.96,31.045595881283557
NGC 4767,2995,0.00999,12.51,39.9944749761097
NGC 4781,1260,0.004203,11.72,27.797132677592884
NGC 4800,836,0.00279,12.3,36.3078054770101
NGC 4793,2484,0.008286,12.3,36.3078054770101
PKS 1252-441,12321,0.041098,15.5,158.4893192461111
NGC 4808,760,0.002535,12.35,37.153522909717275
IC 3896,2046,0.006825,12.1,33.11311214825914
MESSIER 064,409,0.001364,9.36,9.375620069258792
NGC 4818,1065,0.003552,12.1,33.11311214825914
NGC 4845,1098,0.003663,12.2,34.67368504525324
NGC 4835,2181,0.007275,12.45,38.904514499428124
IC 3956,10404,0.034703,15.5,158.4893192461111
NGC 4868,4665,0.015561,12.97,49.43106869868354
NGC 4856,1353,0.004513,11.49,25.003453616964347
NGC 4866,1980,0.006605,12.14,33.728730865886924
NGC 4874,7167,0.023907,12.7,43.651583224016655
NGC 4886:[WLQ2016] X0001,6446,0.021502,12.9,47.863009232263806
NGC 4900,963,0.003212,12.2,34.67368504525324
NGC 4914,4583,0.015287,12.49,39.627803425544016
NGC 4902,2625,0.008756,11.61,26.42408757321945
ESO 443- G 024,5109,0.017042,12.9,47.863009232263806
WISEA J130209.93+274851.2,13479,0.04496,14.2,87.09635899560814
ESO 219- G 021,1376,0.00459,13.28,57.01642722807478
NGC 4941,1114,0.003716,12.43,38.54783576657721
NGC 4939,3112,0.010381,11.9,30.199517204020133
NGC 4936,3117,0.010397,11.77,28.44461107447908
NGC 4945,563,0.001878,9.3,9.120108393559077
NGC 4958,1455,0.004853,12.11,33.26595532940047
NGC 4976,1453,0.004847,11.04,20.32357010936221
NGC 4984,1279,0.004266,12.25,35.481338923357534
NGC 4995,1744,0.005817,11.93,30.619634336906756
NGC 5005,946,0.003156,10.61,16.67247212551061
UGC 08266,11017,0.036748,14.5,100.0
NGC 5014,1135,0.003787,13.3,57.543993733715666
NGC 5012,2606,0.008694,12.8,45.708818961487424
NGC 5016,2611,0.008709,13.49,62.8058358813318
NGC 5023,407,0.001358,12.85,46.77351412871982
NGC 5011,3159,0.010537,12.41,38.194427084004566
NGC 5018,2816,0.009393,11.2,21.877616239495563
NGC 5033,873,0.002912,10.75,17.78279410038923
ESO 219- G 041,3487,0.011631,12.9,47.863009232263806
NGC 5026,3549,0.011838,12.48,39.44573020752793
NGC 5044,2782,0.00928,11.83,29.241523778433308
NGC 5042,1390,0.004637,12.75,44.668359215096345
MESSIER 063,500,0.001668,9.31,9.16220490122001
NGC 5054,1742,0.005811,10.8,18.197008586099827
IC 4214,2310,0.007705,12.16,34.04081897010002
NGC 5061,2082,0.006945,11.44,24.434305526939713
NGC 5068,670,0.002235,10.52,15.995580286146646
NGC 5064,2980,0.00994,12.9,47.863009232263806
NGC 5077,2806,0.00936,12.38,37.670379898390934
NGC 5078,2168,0.007232,11.77,28.44461107447908
NGC 5084,1721,0.005741,11.41,24.099054286865933
NGC 5085,1956,0.006525,12.97,49.43106869868354
NGC 5087,1858,0.006198,13.11,52.72298614228222
NGC 5090,3386,0.011294,12.57,41.114972110452214
NGC 5101,1868,0.006231,11.6,26.302679918953814
NGC 5102,468,0.001561,10.35,14.791083881682072
NGC 5121,1473,0.004913,11.51,25.2348077248057
NGC 5134,1758,0.005864,12.83,46.34469197362874
NGC 5128,547,0.001825,7.84,4.6558609352296
NGC 5140,3879,0.012939,12.77,45.081670454145915
NGC 5153,4321,0.014413,12.83,46.34469197362874
NGC 5156,2988,0.009967,12.49,39.627803425544016
NGC 5204,201,0.00067,11.73,27.92543841237342
NGC 5170,1501,0.005006,12.35,37.153522909717275
MESSIER 051a,460,0.001534,8.96,7.798301105232594
MESSIER 051b,455,0.001518,10.45,15.488166189124827
NGC 5188,2425,0.008089,12.96,49.20395356814511
NGC 5206,583,0.001945,11.6,26.302679918953814
ESO 270- G 017,828,0.002762,11.71,27.669416454115126
IC 4296,3737,0.012465,11.61,26.42408757321945
MESSIER 083,513,0.001711,8.2,5.4954087385762485
NGC 5248,1151,0.003839,10.97,19.67886289706843
NGC 5247,1356,0.004523,10.5,15.848931924611142
ESO 445- G 002,4339,0.014473,12.78,45.28975799036214
NGC 5253,407,0.001358,10.87,18.793168168032647
NGC 5273,1083,0.003611,12.5,39.81071705534969
NGC 5266,3002,0.010014,12.08,32.809529311311906
NGC 5297,2409,0.008036,12.47,39.26449353995993
NGC 5301,1508,0.00503,12.6,41.68693834703355
NGC 5308,1998,0.006665,12.31,36.4753946925608
NGC 5311,2654,0.008852,13.3,57.543993733715666
IC 4329,4539,0.01514,12.2,34.67368504525324
NGC 5322,1780,0.005937,11.14,21.281390459827133
ESO 383- G 087,326,0.001087,11.03,20.23019178678272
NGC 5324,3042,0.010147,12.55,40.73802778041122
NGC 5328,4740,0.015811,12.67,43.0526610491711
NGC 5350,2325,0.007755,12.15,33.884415613920204
NGC 5353,2325,0.007755,11.96,31.045595881283557
NGC 5354,2579,0.008603,12.33,36.81289736425313
NGC 5333,2752,0.00918,11.67,27.164392688390837
NGC 5371,2558,0.008533,11.32,23.12064790175594
NGC 5363,1139,0.003799,11.05,20.417379446695275
NGC 5364,1268,0.004228,11.17,21.57744409152669
NGC 5377,1796,0.005991,12.5,39.81071705534969
NGC 5383,2270,0.007572,12.0,31.622776601683793
NGC 5365,2467,0.008229,12.45,38.904514499428124
IC 4351,2674,0.008919,12.63,42.266861426560325
NGC 5395,3472,0.01158,12.8,45.708818961487424
MESSIER 101,241,0.000804,8.31,5.780960474057188
NGC 5408,506,0.001688,12.5,39.81071705534969
NGC 5427,2618,0.008733,11.93,30.619634336906756
NGC 5419,4126,0.013763,11.9,30.199517204020133
NGC 5474,262,0.000874,11.28,22.698648518838212
NGC 5488,4360,0.014543,12.72,44.05548635065535
ESO 221- G 026,1416,0.004723,12.1,33.11311214825914
NGC 5483,1771,0.005907,11.93,30.619634336906756
NGC 5493,2665,0.008889,12.27,35.80964371026355
NGC 5496,1538,0.00513,12.7,43.651583224016655
ESO 221- G 032,2911,0.00971,12.76,44.87453899331314
Circinus Galaxy,434,0.001448,12.1,33.11311214825914
NGC 5506,1824,0.006084,12.8,45.708818961487424
NGC 5529,2875,0.009591,12.9,47.863009232263806
2MASX J14160456-4807385,4170,0.01391,12.6,41.68693834703355
NGC 5533,3857,0.012866,12.7,43.651583224016655
NGC 5557,3219,0.010737,12.2,34.67368504525324
NGC 5530,1193,0.003979,11.87,29.78516429429185
NGC 5585,303,0.001011,11.2,21.877616239495563
NGC 5566,1507,0.005027,11.46,24.660393372343414
NGC 5576,1506,0.005023,11.85,29.512092266663903
NGC 5638,1676,0.005591,12.2,34.67368504525324
NGC 5678,1902,0.006344,12.6,41.68693834703355
IC 1029,2381,0.007942,13.3,57.543993733715666
NGC 5643,1199,0.003999,10.74,17.70108958317422
NGC 5676,2097,0.006994,12.3,36.3078054770101
NGC 5668,1583,0.00528,13.4,60.25595860743569
NGC 5689,2160,0.007205,12.8,45.708818961487424
NGC 5701,1505,0.00502,11.76,28.313919957993786
NGC 5688,2800,0.00934,12.3,36.3078054770101
NGC 5713,1883,0.006281,12.18,34.35579478998743
NGC 5728,2793,0.009316,12.81,45.919801283686944
NGC 5746,1728,0.005764,11.29,22.803420720004162
NGC 5750,1659,0.005535,12.6,41.68693834703355
NGC 5775,1676,0.005591,12.2,34.67368504525324
NGC 5792,1926,0.006424,12.08,32.809529311311906
NGC 5791,3350,0.011174,12.68,43.25138310350088
NGC 5796,2863,0.009549,12.7,43.651583224016655
NGC 5806,1347,0.004493,12.5,39.81071705534969
NGC 5812,1970,0.006571,12.19,34.514373933585574
NGC 5813,1956,0.006525,11.45,24.547089156850333
NGC 5831,1630,0.005438,12.4,38.018939632056124
NGC 5838,1252,0.004176,11.92,30.47894989627983
NGC 5845,1664,0.00555,13.5,63.09573444801929
NGC 5846,1712,0.005711,11.05,20.417379446695275
NGC 5866,755,0.002518,10.74,17.70108958317422
NGC 5850,2545,0.008489,12.7,43.651583224016655
NGC 5861,1851,0.006174,12.3,36.3078054770101
NGC 5864,1885,0.006288,12.77,45.081670454145915
NGC 5879,771,0.002572,12.4,38.018939632056124
NGC 5878,1991,0.006641,12.98,49.65923214503368
ESO 274- G 001,522,0.001741,11.7,27.54228703338169
NGC 5899,2590,0.008639,12.5,39.81071705534969
NGC 5885,2000,0.006671,12.5,39.81071705534969
NGC 5907:[IDD2022] X026,665,0.002218,11.12,21.086281499332888
AP Lib,14699,0.049031,15.08,130.61708881318404
NGC 5898,2122,0.007078,12.49,39.627803425544016
NGC 5903,2565,0.008556,12.2,34.67368504525324
NGC 5921,1480,0.004937,11.49,25.003453616964347
NGC 5965,3377,0.011265,11.5,25.118864315095824
NGC 5962,1958,0.006531,12.2,34.67368504525324
NGC 5964,1447,0.004827,12.6,41.68693834703355
NGC 5970,1957,0.006528,12.24,35.3183169791957
NGC 5982,3017,0.010064,12.1,33.11311214825914
NGC 5985,2522,0.008412,11.87,29.78516429429185
NGC 5987,3008,0.010034,12.72,44.05548635065535
CGCG 050-083,11980,0.039961,15.1,131.825673855641
NGC 6015,833,0.002779,11.69,27.41574171927881
IC 4585,3638,0.012135,13.01,50.35006087879047
NGC 6070,2004,0.006685,12.45,38.904514499428124
ESO 137- G 006,5444,0.018159,13.5,63.09573444801929
ESO 137- G 007,4945,0.016495,13.87,74.81695005111538
ESO 137- G 008,3839,0.012806,13.1,52.480746024977336
ESO 137- G 010,3378,0.011268,12.46,39.08408957924025
ESO 137- G 012,6330,0.021115,14.1,83.17637711026708
ESO 137- G 014,2764,0.00922,14.81,115.34532578210953
NGC 6140,908,0.003029,11.81,28.973435877013273
ESO 137- G 018,605,0.002018,12.24,35.3183169791957
NGC 6118,1573,0.005247,11.0,19.952623149688787
ESO 137- G 019,3249,0.010837,14.3,91.20108393559077
ESO 137- G 024,5264,0.017559,13.67,68.23386941416705
NGC 6181,2371,0.007909,12.49,39.627803425544016
NGC 6251,7408,0.02471,8.0,5.011872336272725
NGC 6217,1361,0.00454,11.79,28.70780582024692
NGC 6156,3263,0.010885,12.3,36.3078054770101
ESO 137- G 034,2741,0.009144,12.21,34.833731503601165
ESO 137- G 037,5430,0.018113,14.82,115.87773561551262
ESO 137- G 038,2100,0.007005,12.72,44.05548635065535
NGC 6207,852,0.002842,12.16,34.04081897010002
ESO 069- G 009,4768,0.015903,14.8,114.81536214968793
NGC 6215,1564,0.005217,12.0,31.622776601683793
NGC 6221,1499,0.004999,11.2,21.877616239495563
ESO 138- G 005,2648,0.008833,12.82,46.13175745603791
ESO 138- G 010,1144,0.003816,11.59,26.18183008218992
ESO 138- G 014,1508,0.00503,13.2,54.954087385762485
NGC 6340,1207,0.004026,11.87,29.78516429429185
NGC 6300,1109,0.003699,10.98,19.769696401118658
UGC 10814 NOTES01,7250,0.024183,15.0,125.89254117941661
NGC 6328,4325,0.014428,13.16,53.951062251512674
ESO 138-IG 029,4641,0.015481,12.75,44.668359215096345
NGC 6384,1665,0.005554,11.14,21.281390459827133
IC 4662,302,0.001007,11.7,27.54228703338169
NGC 6503,25,8.3e-05,10.91,19.142559250210823
NGC 6482,3844,0.012821,12.35,37.153522909717275
NGC 6492,4342,0.014482,12.3,36.3078054770101
NGC 6550,2208,0.007365,12.73,44.258837236262735
NGC 6574,2289,0.007635,12.83,46.34469197362874
NGC 6643,1484,0.00495,11.73,27.92543841237342
NGC 6632,4762,0.015884,12.94,48.75284901033861
IC 4704,3642,0.012148,13.17,54.20008904016238
IC 4710,739,0.002465,12.5,39.81071705534969
IC 4721,2235,0.007455,12.38,37.670379898390934
NGC 6689,489,0.001631,13.1,52.480746024977336
WISEA J184430.78+220427.4,13760,0.0459,14.6,104.71285480508985
NGC 6673,1171,0.003906,12.57,41.114972110452214
IC 4765,4507,0.015034,12.33,36.81289736425313
NGC 6703,2268,0.007565,12.32,36.643757464783334
NGC 6684,883,0.002945,11.31,23.014418174085087
IC 4797,2678,0.008933,12.3,36.3078054770101
ESO 183- G 030,2688,0.008966,12.65,42.65795188015926
NGC 6744,841,0.002805,9.14,8.472274141405963
NGC 6753,3169,0.01057,11.97,31.188895840939352
NGC 6758,3404,0.011355,12.65,42.65795188015926
IC 4831,4345,0.014494,13.6,66.06934480075964
IC 4837A,2847,0.009498,12.55,40.73802778041122
NGC 6769,3863,0.012886,12.55,40.73802778041122
NGC 6770,3841,0.012813,12.83,46.34469197362874
NGC 6776,5480,0.018279,13.05,51.28613839913638
UGC 11453,3849,0.012839,12.9,47.863009232263806
ESO 142- G 019,4390,0.014643,11.82,29.107171180666082
NGC 6814,1565,0.00522,12.06,32.50872973854347
UGC 11466,824,0.002749,12.7,43.651583224016655
NGC 6810,2031,0.006775,12.37,37.49730022454834
IC 4889,2574,0.008586,12.06,32.50872973854347
IC 4901,2138,0.007132,12.29,36.14098626396132
WISEA J195959.83+650854.7,14090,0.047,14.71,110.15393095414146
NGC 6869,2732,0.009113,13.11,52.72298614228222
IC 4931,6008,0.02004,12.96,49.20395356814511
ESO 185- G 054,4434,0.01479,11.3,22.9086765276777
NGC 6861,2829,0.009437,12.12,33.419504002611355
NGC 6861D,2633,0.008783,13.38,59.70352865838378
NGC 6868,2854,0.00952,11.66,27.039583641088406
NGC 6872,4818,0.016071,12.69,43.45102241715714
NGC 6876,4010,0.013376,12.06,32.50872973854347
IC 4991,5650,0.018846,11.56,25.822601906346012
NGC 6893,3056,0.010194,12.79,45.498806015004796
ESO 462- G 015,5738,0.01914,12.95,48.97788193684466
NGC 6902,2796,0.009326,11.64,26.791683248190314
NGC 6907,3169,0.010571,11.4,23.988329190194897
IC 5011,2325,0.007755,12.67,43.0526610491711
NGC 6925,2789,0.009303,12.07,32.6587832172336
NGC 6946,48,0.00016,8.23,5.571857489319304
NGC 6951,1424,0.00475,10.0,12.589254117941662
LQAC 311+028 001,14780,0.0493,15.1,131.825673855641
NGC 6943,3114,0.010387,12.05,32.35936569296281
NGC 6958,2713,0.00905,12.33,36.81289736425313
IC 5052,584,0.001948,11.6,26.302679918953814
ESO 107- G 004,3116,0.010394,12.1,33.11311214825914
NGC 7013,779,0.002598,12.4,38.018939632056124
UGC 11689,2895,0.009657,14.4,95.4992586021435
NGC 7029,2839,0.00947,12.35,37.153522909717275
NGC 7041,1946,0.006491,12.09,32.96097121774583
NGC 7049,2285,0.007622,11.72,27.797132677592884
IC 5105,5407,0.018036,12.62,42.07266283844437
NGC 7064,767,0.002558,13.1,52.480746024977336
NGC 7079,2684,0.008953,12.46,39.08408957924025
IC 1392,4320,0.014409,12.5,39.81071705534969
NGC 7083,3101,0.010344,11.87,29.78516429429185
NGC 7090,847,0.002825,11.33,23.227367963571048
NGC 7097,2616,0.008726,12.61,41.879356511791826
NGC 7098,2381,0.007942,12.23,35.156044052829905
NGC 7135,2644,0.008819,12.71,43.853069777498604
NGC 7095,2570,0.008573,12.23,35.156044052829905
NGC 7144,1932,0.006444,11.7,27.54228703338169
NGC 7145,1967,0.006561,12.04,32.210687912834345
UGC 11861,1478,0.00493,14.2,87.09635899560814
NGC 7166,2466,0.008226,12.85,46.77351412871982
NGC 7177,1149,0.003833,12.01,31.76874070649769
NGC 7172,2603,0.008683,12.85,46.77351412871982
NGC 7173,2497,0.008329,13.08,51.99959965335152
NGC 7174,2659,0.008869,14.23,88.30799004185641
NGC 7176,2511,0.008376,12.34,36.98281797802667
NGC 7184,2623,0.008749,12.24,35.3183169791957
IC 5152,122,0.000407,11.0,19.952623149688787
CGCG 403-019,8094,0.027,15.2,138.03842646028866
NGC 7196,2923,0.00975,12.4,38.018939632056124
UGC 11909,1105,0.003686,13.25,56.23413251903491
NGC 7192,2978,0.009934,12.19,34.514373933585574
NGC 7217,952,0.003176,11.02,20.137242498623856
UGC 11920,1103,0.003679,12.86,46.98941086052151
NGC 7205,1686,0.005623,11.55,25.703957827688594
NGC 7213,1750,0.005839,11.01,20.044720273651592
IC 5181,1987,0.006628,12.51,39.9944749761097
NGC 7232,1915,0.006388,12.95,48.97788193684466
UGC 11973,4215,0.01406,12.9,47.863009232263806
IC 5201,915,0.003052,11.3,22.9086765276777
NGC 7314,1428,0.004763,11.88,29.92264636608195
NGC 7331,816,0.002722,10.35,14.791083881682072
NGC 7332,1197,0.003993,12.02,31.915378551007585
NGC 7329,3252,0.010847,12.1,33.11311214825914
IC 5240,1765,0.005886,12.78,45.28975799036214
IC 5250A,3169,0.010571,12.21,34.833731503601165
IC 5250B,3189,0.010637,12.2,34.67368504525324
NGC 7377,3339,0.011138,12.07,32.6587832172336
WISEA J225310.75-040849.1,7585,0.025301,16.43,243.22040090738108
NGC 7410,1790,0.00597,11.61,26.42408757321945
NGC 7412,1710,0.005704,11.88,29.92264636608195
NGC 7418,1450,0.004837,12.3,36.3078054770101
IC 1459,1802,0.006011,10.97,19.67886289706843
IC 5267,1712,0.005711,11.43,24.32204009073816
NGC 7424,929,0.0031,10.96,19.58844673505989
IC 5271,1718,0.005729,12.9,47.863009232263806
IC 5273,1293,0.004312,12.22,34.994516702835696
NGC 7448,2194,0.007318,12.2,34.67368504525324
NGC 7457,844,0.002815,12.09,32.96097121774583
NGC 7456,1199,0.003999,12.78,45.28975799036214
NGC 7462,1064,0.003549,12.53,40.36453929676048
NGC 7479,2376,0.007925,11.6,26.302679918953814
NGC 7497,1708,0.005697,12.96,49.20395356814511
NGC 7496,1649,0.0055,11.91,30.338911841942657
NGC 7507,1546,0.005157,12.23,35.156044052829905
NGC 7513,1564,0.005217,11.3,22.9086765276777
NGC 7541,2692,0.00898,11.3,22.9086765276777
NGC 7531,1596,0.005324,12.04,32.210687912834345
NGC 7562,3608,0.012035,12.63,42.266861426560325
NGC 7552,1608,0.005365,11.25,22.387211385683376
NGC 7585,3539,0.011805,12.5,39.81071705534969
NGC 7582,1575,0.005254,11.37,23.659196974857565
NGC 7590,1575,0.005255,12.11,33.26595532940047
NGC 7606,2234,0.007452,12.3,36.3078054770101
NGC 7599,1651,0.005508,12.08,32.809529311311906
NGC 7619,3762,0.012549,12.1,33.11311214825914
NGC 7626,3405,0.011358,12.16,34.04081897010002
NGC 7640,369,0.001231,11.86,29.64831389524339
WISEA J232721.96+152437.3,13781,0.045967,15.2,138.03842646028866
IC 5325,1503,0.005013,11.83,29.241523778433308
IC 5328,3137,0.010464,12.34,36.98281797802667
PKS 2331-240,14300,0.0477,16.5,251.1886431509582
IC 5332,701,0.002338,11.0,19.952623149688787
NGC 7713,696,0.002322,11.6,26.302679918953814
ESO 240- G 010,3302,0.011014,12.6,41.68693834703355
ESO 240- G 011,2843,0.009483,13.2,54.954087385762485
NGC 7721,2017,0.006728,12.22,34.994516702835696
NGC 7723,1863,0.006214,11.94,30.76096814740705
NGC 7727,1795,0.005987,11.5,25.118864315095824
NGC 7741,750,0.002502,11.84,29.376496519615365
NGC 7743,1697,0.00566,12.38,37.670379898390934
NGC 7744,3098,0.010334,12.87,47.206304126358994
NGC 7755,2958,0.009867,12.56,40.926065973001094
NGC 7771,4335,0.01446,12.2,34.67368504525324
NGC 7793,227,0.000757,9.98,12.473835142429458
NGC 7796,3290,0.010974,12.46,39.08408957924025
