Results from query to NASA/IPAC Extragalactic Database (NED),,,,,,,,,,,,,,,,
which is funded by the National Aeronautics and Space Administration.,,,,,,,,,,,,,,,,
and operated by the California Institute of Technology.,,,,,,,,,,,,,,,,
,,,,,,,,,,,,,,,,
queryDateTime:2024-06-24T19:36:45PDT,,,,,,,,,,,,,,,,
,,,,,,,,,,,,,,,,
Main Information Table for All Sky,,,,,,,,,,,,,,,,
,,,,,,,,,,,,,,,,
Equinox:J2000.0,,,,,,,,,,,,,,,,
,,,,,,,,,,,,,,,,
CoordSystem:Equatorial,,,,,,,,,,,,,,,,
,,,,,,,,,,,,,,,,
No.,Object Name,RA,DEC,Type,Velocity,Redshift,Redshift Flag,Magnitude and Filter,Separation,References,Notes,Photometry Points,Positions,Redshift Points,Diameter Points,Associations
1,NGC 7814,0.81204,16.14542,G,1051,0.003506,S1L,11.56,0,301,9,131,40,28,14,0
2,NGC 7817,0.99546,20.75233,G,2310,0.007705,SUN,12.56,0,184,6,81,27,19,7,0
3,HD 225244,1.18882,0.05657,!*,8994,0.03,PUN,8.91,0,2,0,30,4,1,4,0
4,IC 1531,2.39824,-32.27701,G,7687,0.025641,SUN,13.8,0,89,1,70,35,17,22,0
5,NGC 0024,2.48558,-24.96314,G,554,0.001848,S1L,12.38,0,250,7,123,40,21,19,0
6,HD 000616,2.64041,0.77559,!*,8994,0.03,PUN,13.4g,0,1,0,41,6,1,4,0
7,NGC 0045,3.51662,-23.18208,G,467,0.001558,SUN,11.55,0,257,12,96,38,15,19,0
8,NGC 0055,3.72333,-39.19664,G,131,0.000437,UUN,8.84,0,570,12,89,40,24,18,0
9,NGC 0134,7.59154,-33.24403,G,1582,0.005277,UUN,11.4,0,186,6,91,25,22,19,0
10,NGC 0151,8.51162,-9.70534,G,3732,0.01245,SLS,12.8g,0,168,8,124,29,23,15,0
11,NGC 0150,8.5645,-27.80358,G,1587,0.005294,S1L,12,0,237,6,91,32,29,19,0
12,NGC 0157,8.69483,-8.39644,G,1649,0.0055,S1L,11,0,383,12,104,25,22,6,0
13,NGC 0210,10.14592,-13.87281,G,1638,0.005464,S1L,12.53,0,198,10,46,18,18,7,0
14,ESO 079- G 005,10.18137,-63.44186,G,1711,0.005708,S1L,13.72,0,59,2,44,18,13,16,0
15,NGC 0247,11.78562,-20.76039,G,156,0.00052,UUN,9.86,0,493,13,101,45,12,19,0
16,NGC 0253,11.888,-25.28822,G,242,0.000807,S1L,7.09B,0,1868,31,386,107,52,22,0
17,NGC 0262,12.19642,31.95697,G,4507,0.015034,SUN,13.2r,0,683,21,334,82,55,12,0
18,NGC 0266,12.44917,32.27772,G,4647,0.015501,S1L,12.54,0,190,6,107,35,19,14,0
19,NGC 0278,13.01796,47.5505,G,627,0.00209,SUN,11.47,0,257,17,93,30,15,7,0
20,NGC 0289,13.1765,-31.20583,G,1629,0.005434,UUN,11.72,0,236,10,97,30,22,19,0
21,NGC 0300,13.72283,-37.68439,G,144,0.00048,SUN,8.95,0,896,14,105,57,22,18,0
22,NGC 0315,14.45368,30.35245,G,4942,0.016485,SUN,12.2,0,684,22,213,77,48,12,1
23,NGC 0337,14.95871,-7.57797,G,1650,0.005504,S1L,12.46,0,295,6,222,55,22,6,0
24,Sculptor Dwarf Elliptical,15.03898,-33.70903,G,110,0.000367,SUN,8.6 V,0,697,5,19,30,17,10,0
25,BD -00 0159,15.72986,0.31451,!*,8994,0.03,PUN,13.6g,0,1,0,41,6,1,4,0
26,MCG -01-03-085,16.27033,-6.21239,G,1095,0.003652,UUN,13.24,0,108,4,51,26,18,6,0
27,WISEA J010720.94-003302.7,16.83729,-0.55084,!*,8994,0.03,PUN,13.6g,0,1,0,41,6,1,4,0
28,IC 1633,17.48158,-45.93119,G,7270,0.02425,SUN,12.48,0,96,4,72,21,20,17,2
29,NGC 0410,17.74544,33.15189,G,5204,0.017359,SLS,12.52,0,168,6,103,42,26,9,0
30,NGC 0428,18.23212,0.98156,G,1155,0.003853,S1L,11.91,0,280,10,75,42,32,8,0
31,UGC 00773,18.42977,2.37148,G,14100,0.047033,SUN,16,0,143,2,64,34,17,5,0
32,NGC 0439,18.44692,-31.74714,G,5803,0.019357,SUN,12.59,0,91,4,44,15,14,18,0
33,NGC 0470,19.93688,3.40994,G,2375,0.007922,S1L,12.53,0,278,11,132,35,24,10,0
34,NGC 0474,20.02788,3.4154,G,2315,0.007722,UUN,12.37,0,352,13,176,31,20,7,0
35,NGC 0488,20.44521,5.25672,G,2272,0.007579,SUN,11.15,0,318,13,79,27,16,8,0
36,NGC 0507,20.91628,33.25606,G,4934,0.016458,SUN,12.2,0,354,13,112,45,29,11,0
37,NGC 0520,21.14613,3.79242,GPair,2281,0.007609,SUN,12.24,0,495,16,215,47,31,8,0
38,NGC 0524,21.19883,9.53883,G,2403,0.008016,UUN,11.3,0,492,11,115,35,20,8,0
39,NGC 0533,21.38067,1.75911,G,5549,0.018509,SLS,12.41,0,228,7,74,40,34,7,0
40,NGC 0578,22.6212,-22.66737,G,1629,0.005434,S1L,11.44,0,201,5,61,20,21,20,1
41,NGC 0584,22.83646,-6.86806,G,1831,0.006106,SST,11.44,0,415,9,223,47,34,6,1
42,WISEA J013145.74+003041.9,22.94045,0.51169,!*,8994,0.03,PUN,12.0O,0,5,0,64,9,1,4,0
43,BD -01 0206,23.13636,-0.32715,!*,8994,0.03,PUN,13.5g,0,1,0,39,6,1,4,0
44,NGC 0596,23.217,-7.03183,G,1903,0.006348,SUN,12.5,0,256,7,79,20,17,6,0
45,NGC 0613,23.57571,-29.41836,G,1475,0.00492,SUN,10.7B,0,421,14,129,35,25,20,0
46,NGC 0625,23.76929,-41.43619,G,396,0.001321,SUN,11.5B,0,257,10,88,49,22,20,0
47,NGC 0615,23.77367,-7.34031,G,1838,0.006131,S1L,12.47,0,157,4,79,22,17,7,0
48,MESSIER 074,24.17395,15.78366,G,657,0.002192,SUN,9.95,0,1487,21,292,113,38,9,0
49,NGC 0636,24.77721,-7.51261,G,1877,0.006261,SST,12.76,0,215,8,66,21,16,6,0
50,NGC 0660,25.76,13.64506,G,848,0.002829,S1L,12.0B,0,490,14,239,59,40,12,0
51,WISEA J014645.86+000300.5,26.69103,0.0502,!*,8994,0.03,PUN,14.5g,0,1,0,41,6,1,4,0
52,WISEA J014709.98+001343.9,26.79179,0.22901,!*,8994,0.03,PUN,14.8g,0,1,0,41,6,1,4,0
53,NGC 0669,26.81729,35.56331,G,4674,0.015591,S1L,13.36,0,98,3,63,19,19,8,0
54,IC 1727,26.87454,27.33336,G,345,0.001151,SUN,12.07,0,207,9,72,33,18,8,0
55,NGC 0685,26.92837,-52.76181,G,1363,0.004546,UUN,11.5,0,130,6,56,24,19,18,0
56,NGC 0672,26.97717,27.43278,G,429,0.001431,UUN,11.47,0,320,12,77,41,18,8,0
57,NGC 0676,27.23879,5.90753,G,1506,0.005023,SUN,10.5,0,117,5,41,19,9,6,0
58,NGC 0678,27.35358,21.99731,G,2835,0.009457,SUN,13.33,0,116,5,66,27,19,8,0
59,NGC 0684,27.55842,27.64567,G,3537,0.011798,S1L,13.34,0,84,4,55,20,15,8,0
60,NGC 0691,27.67383,21.75992,G,2666,0.008893,S1L,11.6B,0,168,4,68,33,20,10,0
61,UGC 01308,27.7135,36.27582,G,5171,0.017249,SUN,13.77,0,82,0,40,16,18,6,1
62,NGC 0674,27.82321,22.35797,G,3090,0.010307,UUN,12.84,0,142,5,79,26,17,8,1
63,NGC 0720,28.25208,-13.73865,G,1745,0.005821,SUN,11.16,0,457,9,80,33,27,6,0
64,NGC 0718,28.30542,4.19583,G,1733,0.005781,SUN,12.59,0,178,11,79,21,13,7,0
65,IC 0171,28.79254,35.28189,G,5359,0.017876,S1L,13.23,0,69,1,48,13,13,6,0
66,UGC 01400,29.02196,36.12908,G,5336,0.017799,SUN,13.8,0,49,1,32,9,6,7,0
67,UGC 01378,29.08017,73.28278,G,2935,0.00979,SUN,13.5,0,57,1,46,21,18,7,0
68,NGC 0741,29.08764,5.62894,G,5484,0.018294,SLS,12.2,0,337,11,129,43,25,10,0
69,NGC 0772,29.83158,19.00753,G,2472,0.008246,SUN,10.0B,0,363,14,137,31,21,8,0
70,NGC 0779,29.92617,-5.96319,G,1391,0.00464,SUN,11.95,0,153,5,32,18,13,5,0
71,NGC 0777,30.06209,31.42957,G,5015,0.016728,UUN,12.49,0,202,7,131,50,35,10,0
72,NGC 0784,30.32054,28.83725,G,198,0.00066,SUN,12.23,0,201,4,97,42,19,7,0
73,NGC 0812,31.71458,44.57292,G,5163,0.017222,SUN,12.2,0,68,3,34,21,15,7,0
74,NGC 0821,32.08808,10.99492,G,1735,0.005787,SUN,11.67,0,490,10,100,31,24,7,0
75,NGC 0828,32.53988,39.19036,G,5350,0.017846,S1L,13.15,0,192,12,105,45,25,8,0
76,NGC 0864,33.86517,6.00261,G,1562,0.00521,SUN,11.4,0,245,12,65,29,21,8,0
77,NGC 0895,35.40196,-5.52139,G,2288,0.007632,SUN,11.8B,0,178,7,80,33,23,7,0
78,NGC 0890,35.50421,33.26606,G,3946,0.013164,SLS,12.2,0,124,4,54,20,13,7,0
79,NGC 0891,35.63922,42.34915,G,528,0.001761,SUN,10.81,0,935,26,131,68,26,8,1
80,NGC 0908,35.76904,-21.23386,G,1505,0.005019,SUN,10.83,0,231,8,98,28,21,20,0
81,NGC 0925,36.82033,33.57917,G,553,0.001845,S1L,10.69,0,745,15,168,76,32,8,0
82,NGC 0936,36.90608,-1.15628,G,1434,0.004783,S1L,11.12,0,356,10,121,34,29,12,0
83,NGC 0955,37.63811,-1.10841,G,1482,0.004943,S1L,12.93,0,113,3,97,28,24,16,0
84,NGC 0949,37.70271,37.13678,G,609,0.002031,SUN,12.4,0,179,7,73,27,19,7,0
85,ESO 115- G 015,37.78867,-57.91836,G,9590,0.031989,SUN,14.37,0,41,2,52,21,11,15,0
86,NGC 0986,38.39312,-39.04506,G,1974,0.006585,S1L,12,0,200,10,116,25,16,19,0
87,NGC 0972,38.55575,29.31128,G,1532,0.00511,S1L,12.27,0,224,10,102,34,24,8,1
88,NGC 0988,38.86563,-9.35619,G,1510,0.005037,UUN,11.5,0,94,4,36,19,14,7,0
89,IC 0239,39.11616,38.96993,G,903,0.003012,SUN,11.8B,0,127,7,32,21,7,7,0
90,Maffei 1,39.14775,59.65492,G,66,0.000221,SUN,11.4,0,127,6,21,15,7,4,1
91,NGC 1022,39.63627,-6.67743,G,1453,0.004847,SUN,12.09,0,227,7,88,28,14,7,0
92,NGC 1003,39.82037,40.87231,G,624,0.002081,S1L,12,0,218,9,81,27,14,7,0
93,NGC 1032,39.84849,1.09379,G,2743,0.00915,S1L,12.1B,0,125,3,58,23,15,8,0
94,Fornax Dwarf Spheroidal,39.9972,-34.44919,G,53,0.000178,UUN,9.28,0,882,6,19,24,11,12,0
95,NGC 1042,40.09986,-8.43354,G,1371,0.004573,S1L,11.5B,0,261,10,124,39,28,15,0
96,NGC 1023,40.10004,39.06329,G,636,0.002121,SUN,10.35,0,549,15,170,44,25,11,1
97,NGC 1052,40.26999,-8.25576,G,1488,0.004963,SUN,12.08,0,1042,25,335,107,72,10,0
98,NGC 1055,40.43846,0.44317,G,996,0.003322,S1L,11.4,0,330,10,105,40,28,8,0
99,MESSIER 077,40.66963,-0.01328,G,1137,0.003793,SUN,9.61,0,2649,61,612,142,91,14,0
100,NGC 1058,40.87499,37.34134,G,520,0.001735,S1L,11.2V,0,512,10,125,43,24,7,0
101,NGC 1073,40.91881,1.37611,G,1211,0.004039,SUN,11.47,0,356,14,90,32,17,8,0
102,NGC 1079,40.93475,-29.00336,G,1452,0.004843,UUN,12.74,0,157,9,96,22,14,19,0
103,NGC 1084,41.49962,-7.57847,G,1411,0.004707,S1L,11.6g,0,464,9,135,36,26,11,1
104,NGC 1097,41.57937,-30.27489,G,1271,0.00424,UUN,10.23,0,946,28,335,82,47,20,0
105,NGC 1087,41.60485,-0.49865,G,1523,0.00508,SLS,12.2g,0,396,9,135,41,36,16,1
106,NGC 1090,41.6414,-0.24716,G,2740,0.009141,SLS,12.51,0,200,5,88,29,27,12,0
107,ESO 199- G 001,42.26262,-49.93911,G,9476,0.031608,SLS,13.7,0,26,1,41,12,6,15,0
108,NGC 1145,43.63963,-18.63508,G,2063,0.006881,S1L,13.81,0,80,2,69,23,17,19,0
109,NGC 1156,44.92625,25.23783,G,375,0.001251,SUN,12.32,0,335,11,114,39,25,8,0
110,NGC 1161,45.30888,44.89733,G,1901,0.00634,SLS,12.05,0,88,7,40,19,13,7,0
111,NGC 1187,45.65662,-22.86717,G,1390,0.004637,UUN,11.67,0,285,11,104,31,19,23,0
112,WISEA J030319.11-561139.3,45.82958,-56.19428,G,9746,0.032509,SLS,15.27,0,15,0,39,10,4,2,0
113,NGC 1169,45.89479,46.38636,G,2388,0.007966,S1L,12.2,0,131,5,57,22,16,8,0
114,NGC 1199,45.91004,-15.61319,G,2570,0.008573,SUN,12.37,0,206,6,125,27,20,7,1
115,NGC 1171,45.99579,43.39831,G,2742,0.009146,SUN,13,0,70,1,53,19,8,7,0
116,NGC 1201,46.03325,-26.06964,G,1686,0.005624,UUN,12.2,0,202,4,79,20,17,19,0
117,NGC 1174,46.37858,42.8355,G,2740,0.00914,S1L,12.2,0,72,1,49,22,15,6,0
118,NGC 1209,46.51258,-15.61125,G,2600,0.008673,SUN,12.86,0,169,6,76,23,21,6,1
119,MCG -07-07-004,46.52421,-39.02042,G,6491,0.021652,SUN,15.1,0,19,0,38,7,3,16,0
120,IC 0284,46.54129,42.37192,G,2722,0.00908,SUN,12.47,0,47,2,43,14,11,8,0
121,NGC 1218,47.10927,4.11092,G,8485,0.028302,SLS,13.84,0,396,9,219,56,24,12,0
122,NGC 1232,47.43962,-20.57931,G,1603,0.005347,SUN,10.93,0,307,7,108,27,17,19,0
123,NGC 1249,47.50512,-53.33575,G,1073,0.003579,UUN,12.19,0,125,5,75,23,23,18,0
124,NGC 1241,47.811,-8.92214,G,4026,0.013429,S1L,11.99,0,223,8,140,26,24,7,0
125,NGC 1247,48.05967,-10.48111,G,3947,0.013166,S1L,13.47,0,66,1,52,16,10,7,0
126,NGC 1255,48.3835,-25.72517,G,1686,0.005624,UUN,12.06,0,171,8,68,25,19,20,0
127,NGC 1253,48.53771,-2.82294,G,1713,0.005713,SUN,12.27,0,118,4,68,22,23,6,0
128,IC 0310,49.17907,41.32497,G,5651,0.018849,SLS,13.89,0,220,5,64,31,26,11,0
129,NGC 1184,49.18762,80.79333,G,2342,0.007812,SUN,13.44,0,46,1,37,13,7,7,0
130,NGC 1291,49.32744,-41.10807,G,839,0.002799,SUN,9.39,0,381,12,230,45,21,25,0
131,NGC 1313,49.56688,-66.49825,G,470,0.001568,UUN,9.2,0,589,16,91,45,21,18,0
132,NGC 1272,49.83871,41.49064,G,3815,0.012725,SUN,12.86,0,125,5,77,28,22,10,1
133,NGC 1300,49.92117,-19.41136,G,1578,0.005264,S1L,11.42,0,469,20,100,31,17,20,0
134,ESO 200-IG 004 NED01,49.92646,-51.04594,G,9412,0.031395,SLS,15.81,0,20,1,45,9,6,13,0
135,NGC 1275,49.95067,41.5117,G,5264,0.017559,SUN,11.8B,0,2099,47,657,141,83,18,0
136,NGC 1302,49.96324,-26.06044,G,1710,0.005704,UUN,11.69,0,185,8,88,20,14,20,0
137,WISEA J032236.10-580926.8,50.65029,-58.1575,G,13643,0.045508,SLS,14.69,0,11,0,42,9,4,2,0
138,NGC 1316,50.67383,-37.20823,G,1802,0.00601,SUN,9.4 B,0,1002,26,297,66,44,24,0
139,NGC 1317,50.68453,-37.10369,G,1941,0.006474,SUN,11.91,0,211,12,103,24,16,25,0
140,NGC 1326,50.985,-36.46467,G,1360,0.004537,SUN,12.2,0,270,11,122,25,24,20,0
141,NGC 1325,51.10654,-21.54403,G,1591,0.005307,S1L,12.49,0,195,9,72,27,22,20,0
142,NGC 1332,51.57188,-21.33522,G,1619,0.0054,SUN,12.11,0,343,7,113,32,17,22,0
143,NGC 1337,52.02483,-8.38861,G,1239,0.004133,S1L,13.24,0,130,5,73,24,20,7,0
144,NGC 1339,52.02742,-32.28611,G,1392,0.004643,SUN,12.5B,0,183,3,78,24,18,20,0
145,NGC 1344,52.08196,-31.06817,G,1241,0.00414,SUN,11.27,0,210,6,84,18,17,19,0
146,NGC 1351,52.64575,-34.85394,G,1514,0.00505,SUN,12.5B,0,195,7,75,24,24,20,0
147,NGC 1350,52.78383,-33.62864,G,1905,0.006354,SUN,11.46,0,211,10,81,23,20,20,0
148,IC 1954,52.88079,-51.90483,G,1062,0.003542,UUN,12.15,0,140,7,101,30,23,18,0
149,NGC 1353,53.01258,-20.81917,G,1525,0.005087,SUN,12.57,0,163,7,60,20,18,20,0
150,NGC 1357,53.32117,-13.66414,G,2009,0.006701,SST,12.83,0,162,5,49,19,14,7,0
151,NGC 1365,53.40155,-36.1404,G,1636,0.005457,SUN,10.32,0,1302,35,408,123,83,25,0
152,UGC 02783,53.57679,39.35684,G,6054,0.020195,SLS,13.9,0,112,5,60,30,16,12,0
153,NGC 1371,53.75559,-24.93323,G,1463,0.00488,UUN,11.2B,0,231,12,97,32,18,23,0
154,NGC 1374,53.81912,-35.22625,G,1294,0.004316,SUN,12.0B,0,282,6,98,29,24,20,0
155,NGC 1379,54.01646,-35.44119,G,1324,0.004416,SUN,11.8B,0,254,7,94,25,24,20,1
156,NGC 1380,54.11497,-34.97622,G,1877,0.006261,SUN,10.9B,0,519,8,134,36,18,23,0
157,NGC 1381,54.132,-35.29519,G,1724,0.005751,SUN,12.4B,0,247,8,117,31,25,23,0
158,NGC 1386,54.19243,-35.99941,G,868,0.002895,SUN,12.09,0,466,22,223,51,39,20,2
159,NGC 1387,54.23775,-35.50664,G,1302,0.004343,SUN,12.01,0,250,7,122,34,23,20,0
160,NGC 1389,54.29908,-35.74559,G,921,0.003072,SUN,13.16,0,212,7,90,31,23,20,0
161,NGC 1385,54.3702,-24.5003,G,1497,0.004993,UUN,11.76,0,304,7,122,40,22,19,0
162,NGC 1399,54.62094,-35.45066,G,1425,0.004753,SUN,10.6B,0,942,25,133,54,41,18,0
163,NGC 1395,54.62396,-23.02752,G,1717,0.005727,SUN,10.97,0,292,9,81,32,22,18,0
164,NGC 1411,54.68696,-44.10061,G,983,0.003279,SUN,12.23,0,125,4,59,14,16,19,1
165,NGC 1404,54.71633,-35.59439,G,1947,0.006494,SUN,11.0B,0,616,12,184,46,31,24,0
166,NGC 1398,54.71721,-26.33783,G,1396,0.004657,UUN,10.63,0,258,12,119,28,14,20,0
167,NGC 1406,54.84708,-31.32142,G,1075,0.003585,SUN,12.4,0,138,5,79,25,22,18,0
168,NGC 1400,54.87848,-18.68807,G,590,0.001968,UUN,11.92,0,281,10,100,31,24,21,1
169,NGC 1407,55.04942,-18.58011,G,1779,0.005934,SUN,10.7,0,494,12,113,42,31,18,0
170,NGC 1415,55.23692,-22.56447,G,1552,0.005177,UUN,12.77,0,152,9,88,30,17,19,0
171,NGC 1433,55.50646,-47.22208,G,1076,0.003589,UUN,10.7,0,324,15,103,33,20,17,0
172,NGC 1425,55.54779,-29.89333,G,1512,0.005043,S1L,11.87,0,207,5,79,25,23,19,0
173,NGC 1427,55.58093,-35.39256,G,1388,0.00463,SUN,11.8B,0,260,9,101,26,21,17,1
174,NGC 1421,55.622,-13.48803,G,2090,0.006971,SUN,11.95,0,216,8,105,22,18,6,0
175,NGC 1426,55.70463,-22.10836,G,1443,0.004813,SUN,13.11,0,203,5,96,29,20,18,0
176,NGC 1436,55.9045,-35.85303,G,1387,0.004627,SUN,12.41,0,154,7,69,28,21,18,0
177,NGC 1448,56.133,-44.64483,G,1168,0.003896,UUN,11.4,0,361,6,95,26,24,19,0
178,NGC 1439,56.20813,-21.92056,G,1667,0.005561,SUN,13.02,0,197,6,91,29,20,18,0
179,NGC 1440,56.26212,-18.26603,G,1597,0.005327,SUN,12.56,0,88,9,54,14,8,19,0
180,IC 0334,56.32117,76.63831,G,2536,0.008459,SUN,12.45,0,36,1,39,11,8,8,0
181,NGC 1452,56.34296,-18.63364,G,1737,0.005794,SUN,12.76,0,98,11,58,16,8,19,0
182,ESO 358- G 063,56.57921,-34.94356,G,1929,0.006434,SUN,12.83,0,133,2,90,31,27,19,0
183,NGC 1453,56.61354,-3.96878,G,3886,0.012962,SUN,12.77,0,197,9,93,28,22,6,0
184,IC 0342,56.70209,68.09637,G,31,0.000103,SUN,9.1,0,962,21,177,70,29,12,0
185,IC 1993,56.77004,-33.70986,G,1080,0.003602,SUN,12.63,0,92,2,53,19,15,19,0
186,UGC 02855,57.08637,70.13289,G,1200,0.004003,SUN,13.5,0,149,5,76,27,19,7,1
187,IC 2000,57.28225,-48.85819,G,980,0.003269,UUN,12.89,0,75,1,70,22,18,17,0
188,IC 2051,58.00346,-83.83069,G,1753,0.005847,S1L,12.32,0,77,2,54,17,14,16,0
189,IC 2006,58.61854,-35.96714,G,1382,0.00461,SUN,12.2B,0,184,6,63,20,17,19,0
190,NGC 1493,59.36429,-46.2107,G,1053,0.003512,UUN,11.78,0,150,9,78,27,14,17,0
191,NGC 1511,59.90408,-67.63425,G,1341,0.004474,S1L,11.88,0,156,6,103,28,19,20,0
192,WISEA J040106.63-160639.0,60.27765,-16.11084,G,9499,0.031685,SLS,16.12,0,40,0,46,24,12,2,0
193,NGC 1512,60.97617,-43.34886,G,898,0.002995,UUN,11.13,0,356,14,181,51,23,19,0
194,NGC 1515,61.01133,-54.10006,G,1175,0.00392,S1L,12.05,0,135,4,77,21,17,17,0
195,NGC 1507,61.11336,-2.18858,G,863,0.002879,SUN,12.89,0,158,8,76,26,26,8,0
196,NGC 1518,61.70717,-21.17264,G,918,0.003062,S1L,12.28,0,122,5,64,26,18,18,0
197,IC 0356,61.94546,69.81244,G,895,0.002985,S1L,11.39,0,152,8,59,22,10,7,1
198,NGC 1521,62.07887,-21.05197,G,4243,0.014153,UUN,13.1,0,123,5,82,24,19,19,0
199,NGC 1527,62.10058,-47.89703,G,1212,0.004043,UUN,11.74,0,104,5,68,12,10,17,0
200,NGC 1533,62.466,-56.11844,G,790,0.002635,S1L,11.7,0,195,12,111,27,18,17,0
201,NGC 1532,63.01804,-32.87422,G,1040,0.003468,S1L,10.65,0,178,7,76,21,23,19,0
202,NGC 1543,63.18021,-57.73797,G,1176,0.003922,S1L,11.46,0,135,8,106,17,12,16,0
203,NGC 1537,63.41963,-31.64542,G,1429,0.004767,UUN,12.22,0,116,6,64,14,14,18,0
204,NGC 1546,63.65225,-56.06081,G,1284,0.004284,S1L,11.8,0,137,5,109,23,10,17,0
205,NGC 1549,63.93804,-55.59225,G,1256,0.00419,UUN,10.72,0,253,11,130,25,19,18,1
206,NGC 1553,64.04363,-55.78014,G,1080,0.003602,SUN,10.28,0,366,15,186,32,18,21,0
207,NGC 1559,64.39904,-62.78367,G,1304,0.00435,UUN,11,0,311,9,88,29,21,17,0
208,NGC 1566,65.00175,-54.93781,G,1504,0.005017,UUN,10.33,0,778,19,314,84,47,17,0
209,NGC 1574,65.49508,-56.97475,G,1041,0.003472,UUN,11.36,0,138,7,68,13,9,17,0
210,NGC 1530,65.86292,75.29558,G,2458,0.008199,S1L,12.25,0,217,16,81,26,14,8,0
211,NGC 1596,66.90879,-55.02781,G,1510,0.005037,SUN,12.1,0,132,8,69,12,11,17,0
212,NGC 1589,67.68933,0.86367,G,3796,0.012662,S1L,12.8,0,74,4,70,18,9,8,1
213,NGC 1617,67.91471,-54.60228,G,1069,0.003566,SUN,11.38,0,116,8,91,16,8,17,0
214,NGC 1600,67.91642,-5.08625,G,4681,0.015613,SST,11.93,0,353,9,95,33,20,6,0
215,3C 120,68.29623,5.35434,G,9896,0.03301,SUN,14.1r,0,1521,28,467,116,88,12,0
216,NGC 1615,69.00433,19.95033,G,3330,0.011107,SLS,14.57,0,27,3,26,12,6,8,0
217,NGC 1637,70.36741,-2.85796,G,717,0.002392,SUN,11.2B,0,564,11,131,40,28,11,0
218,NGC 1672,71.42708,-59.24718,G,1331,0.00444,UUN,10.28,0,386,20,152,37,22,17,0
219,NGC 1703,73.21729,-59.74225,G,1526,0.00509,UUN,11.9,0,90,5,54,20,12,17,0
220,NGC 1700,74.23464,-4.86577,G,3899,0.013006,SST,12.2,0,319,11,113,32,22,9,0
221,NGC 1744,74.99083,-26.02222,G,741,0.002472,S1L,11.9B,0,176,6,100,32,19,19,0
222,NGC 1809,75.52088,-69.56828,G,1300,0.004336,UUN,13,0,60,1,59,17,13,14,0
223,NGC 1792,76.31021,-37.98075,G,1211,0.004039,SUN,10.87,0,268,12,118,37,28,18,0
224,NGC 1784,76.36292,-11.87153,G,2319,0.007735,UUN,12.44,0,147,5,56,19,20,7,0
225,NGC 1808,76.92642,-37.51306,G,1001,0.003339,UUN,10.76,0,586,21,169,47,35,19,0
226,NGC 1832,78.01387,-15.68781,G,1939,0.006468,UUN,10.6B,0,305,11,74,22,21,7,0
227,NGC 1892,79.28771,-64.95975,G,1363,0.004546,SUN,12.83,0,84,2,68,20,18,16,0
228,NGC 1888,80.64354,-11.49953,G,2300,0.007672,S1L,12.83,0,74,5,44,11,10,7,0
229,NGC 1947,81.69837,-63.76003,G,1100,0.003669,SUN,11.65,0,132,9,80,14,12,16,0
230,NGC 1954,83.20138,-14.06278,G,3129,0.010437,S1L,12.44,0,75,3,44,17,12,7,0
231,NGC 1964,83.34067,-21.94578,G,1661,0.00554,S1L,11.58,0,184,8,106,25,22,19,0
232,NGC 1961,85.51937,69.37844,G,3934,0.013122,SUN,10.9B,0,313,9,147,53,25,12,0
233,NGC 2090,86.75787,-34.25061,G,922,0.003075,S1L,11.99,0,194,7,93,19,17,19,0
234,NGC 2110,88.04742,-7.45621,G,2293,0.007647,SLS,13.4b,0,559,23,230,73,50,10,1
235,UGCA 116,88.9275,3.39222,G,804,0.002682,S1L,15.48,0,381,13,177,40,21,3,0
236,ESO 254- G 017,91.64912,-47.49867,G,8925,0.029771,SUN,14.59,0,45,2,52,21,7,16,0
237,ESO 121- G 006,91.87442,-61.80758,G,1211,0.004039,UUN,13.4B,0,90,4,86,21,15,16,0
238,NGC 2188,92.53971,-34.10621,G,747,0.002492,UUN,12.14,0,115,6,34,22,15,18,0
239,NGC 2196,93.04021,-21.80594,G,2319,0.007735,S1L,11.82,0,130,9,62,18,13,19,0
240,NGC 2207,94.09179,-21.37267,G,2751,0.009176,S1L,11.3B,0,252,8,91,38,14,20,1
241,IC 2163,94.11658,-21.37586,G,2688,0.008966,SUN,11.6,0,113,8,59,21,9,18,1
242,NGC 2146,94.65712,78.35703,G,892,0.002975,SUN,11.38,0,607,17,224,72,35,9,0
243,UGCA 128,95.27317,-20.04842,G,1986,0.006625,UUN,12.63,0,46,4,45,15,7,16,1
244,NGC 2217,95.41575,-27.23375,G,1619,0.0054,SUN,11.71,0,192,14,110,25,15,23,1
245,NGC 2223,96.14963,-22.83825,G,2715,0.009056,S1L,12.35,0,122,7,49,19,15,18,0
246,ESO 490- G?022,99.93342,-27.24461,RfN,14240,0.0475,SUN,11.26,0,12,1,7,6,2,10,0
247,Carina dSph,100.40289,-50.9662,G,223,0.000744,UUN,11.3B,0,621,4,5,31,10,5,0
248,NGC 2272,100.67208,-27.4595,G,2130,0.007104,S1L,12.74,0,56,1,63,16,6,19,0
249,NGC 2280,101.20462,-27.63861,G,1895,0.006321,S1L,9.97B,0,155,7,85,26,21,19,0
250,NGC 2283,101.46954,-18.21034,G,841,0.002805,UUN,12.93,0,66,2,35,20,11,17,0
251,NGC 2292,101.91521,-26.74625,G,2036,0.006791,SUN,11.83,0,45,3,30,11,5,15,1
252,NGC 2293,101.92879,-26.75436,G,2037,0.006795,SUN,12.28,0,72,3,55,14,8,18,1
253,NGC 2305,102.15571,-64.2732,G,3499,0.011671,SUN,12.74,0,79,2,70,15,13,20,0
254,NGC 2273,102.53607,60.84581,G,1840,0.006138,MUN,12.55,0,487,23,135,59,36,8,0
255,NGC 2310,103.47483,-40.86261,G,1142,0.003809,SLS,12.74,0,91,6,54,9,7,18,0
256,CGCG 204-027,103.79177,41.00282,G,6464,0.021562,SUN,14.6,0,82,4,74,28,10,3,0
257,NGC 2325,105.66834,-28.69724,G,2185,0.007288,UUN,12.38,0,144,9,51,33,18,18,1
258,UGC 03691,107.00533,15.17842,G,2203,0.007348,S1L,12.6,0,93,2,47,20,16,7,0
259,NGC 2339,107.08558,18.78025,G,2254,0.007519,SUN,12.51,0,185,7,86,25,19,8,0
260,NGC 2268,108.57267,84.38228,G,2227,0.007428,S1L,12.24,0,183,4,70,26,16,8,0
261,NGC 2369,109.15721,-62.34372,G,3240,0.010807,S1L,13.21,0,147,7,115,40,20,17,0
262,NGC 2397,110.33325,-69.00147,G,1355,0.00452,SUN,12.68,0,125,5,63,16,17,17,0
263,NGC 2380,110.97813,-27.52906,G,1782,0.005944,SUN,12.27,0,63,1,43,12,6,16,0
264,NGC 2377,111.23675,-9.65931,G,2455,0.008189,UUN,13.54,0,86,3,44,13,10,5,0
265,NGC 2336,111.76687,80.17808,G,2204,0.007352,SUN,11.05,0,262,8,68,29,19,8,2
266,NGC 2276,111.80983,85.75456,G,2415,0.008056,UUN,11.93,0,330,15,100,32,19,9,0
267,NGC 2366,112.22777,69.21579,G,103,0.000344,UUN,11.43,0,627,25,70,52,23,7,1
268,NGC 2300,113.08322,85.7095,G,1905,0.006354,UUN,12.07,0,314,12,134,31,18,11,0
269,ESO 208- G 021,113.48438,-50.44303,G,1085,0.003619,UUN,12.19,0,87,3,48,10,10,16,0
270,NGC 2434,113.71317,-69.28414,G,1390,0.004637,SUN,12.33,0,169,7,88,14,14,17,3
271,NGC 2442,114.09933,-69.53083,G,1466,0.00489,S1L,11.24,0,208,13,91,18,9,17,0
272,NGC 2427,114.11742,-47.63556,G,972,0.003242,UUN,12.33,0,91,7,56,16,13,16,0
273,NGC 2403,114.21417,65.60256,G,133,0.000445,UUN,8.11B,0,1422,28,218,78,26,8,0
274,ESO 311- G 012,116.89187,-41.45214,G,1131,0.003773,SUN,12.82,0,42,2,38,7,3,18,0
275,CGCG 262-029,117.15363,55.81618,G,10691,0.035661,SUN,15.3,0,148,1,57,21,14,4,0
276,KUG 0746+555,117.568,55.40839,G,5975,0.01993,SUN,15,0,22,0,33,11,8,6,0
277,NGC 2502,118.96467,-52.30678,G,1065,0.003551,S1L,13.19,0,69,1,49,11,13,17,0
278,ESO 209- G 009,119.56429,-49.85425,G,1119,0.003733,UUN,12.68,0,83,4,65,21,14,16,0
279,NGC 2484,119.61712,37.78661,G,12239,0.040825,SLS,14.1g,0,306,11,144,67,43,21,2
280,NGC 2500,120.47171,50.73711,G,514,0.001715,S1L,12.2,0,251,9,138,48,24,7,0
281,NGC 2525,121.4085,-11.42703,G,1580,0.00527,S1L,12.26,0,136,8,65,20,17,6,0
282,ESO 494- G 026,121.54621,-27.52842,G,968,0.003229,SUN,12.47,0,54,2,52,18,10,15,0
283,NGC 2537,123.311,45.98981,G,431,0.001438,UUN,12.32,0,331,16,222,48,27,8,0
284,IC 2233,123.49546,45.74214,G,557,0.001858,S1L,13.07,0,221,10,65,46,27,7,1
285,NGC 2541,123.66715,49.06171,G,548,0.001828,UUN,12.26,0,319,12,111,41,25,12,0
286,NGC 2559,124.27529,-27.45583,G,1559,0.0052,UUN,11.73,0,85,6,57,17,10,17,0
287,NGC 2566,124.69025,-25.49953,G,1637,0.00546,SUN,11.82,0,92,6,53,17,7,21,0
288,IC 2311,124.69158,-25.36975,G,1844,0.006151,SUN,12.5,0,60,2,44,13,8,17,0
289,NGC 2549,124.74313,57.80305,G,1051,0.003506,UUN,12.1g,0,266,7,95,30,24,12,0
290,Holmberg II,124.77075,70.72003,G,157,0.000524,SUN,11.1,0,609,24,123,68,21,7,0
291,NGC 2613,128.34517,-22.97367,G,1676,0.005591,UUN,11.16,0,186,8,85,34,17,18,1
292,ESO 495- G 021,129.06306,-26.40938,G,873,0.002912,SUN,12.45,0,315,8,70,40,25,16,0
293,NGC 2639,130.90866,50.20556,G,3336,0.011128,SUN,12.4g,0,405,19,175,54,26,12,3
294,NGC 2663,131.28438,-33.79475,G,2102,0.007012,SUN,11.86,0,128,5,87,24,12,23,0
295,ESO 371- G 016,131.77258,-33.76406,G,2257,0.007529,SUN,12.77,0,26,1,44,11,11,17,0
296,NGC 2654,132.29946,60.22111,G,1339,0.004465,SLS,12.74,0,176,6,75,32,25,8,0
297,NGC 2672,132.34121,19.07497,G,4343,0.014487,SUN,12.7,0,145,5,53,19,12,7,1
298,ESO 371- G 020,132.73346,-34.53756,G,2367,0.007895,S1L,13.46,0,39,1,50,11,11,18,1
299,NGC 2683,133.1722,33.42174,G,411,0.001371,SUN,10.64,0,467,12,141,62,31,10,0
300,NGC 2681,133.38642,51.31367,G,692,0.002308,SUN,11.09,0,362,23,164,44,22,13,1
301,NGC 2685,133.89463,58.7344,G,883,0.002945,SUN,12.12,0,411,15,131,35,21,12,0
302,NGC 2655,133.90721,78.22308,G,1400,0.00467,UUN,10.96,0,328,14,135,43,29,8,1
303,NGC 2713,134.33544,2.92131,G,3894,0.012989,SLS,12.7g,0,163,4,103,39,30,16,0
304,NGC 2742,136.88971,60.47933,G,1292,0.00431,S1L,11.3B,0,261,5,82,34,26,8,0
305,NGC 2715,137.02583,78.08517,G,1323,0.004413,S1L,11.79,0,246,6,70,24,15,8,0
306,NGC 2770,137.39045,33.12353,G,1947,0.006494,S1L,12.8g,0,287,4,100,37,25,15,0
307,NGC 2775,137.58383,7.03794,G,1350,0.004503,UUN,11.03,0,385,16,96,37,23,8,1
308,UGCA 150,137.70608,-8.89069,G,1838,0.006131,SUN,11.91,0,72,3,59,20,14,7,1
309,NGC 2781,137.86467,-14.81683,G,2053,0.006848,S1L,12.53,0,100,4,49,12,9,7,0
310,NGC 2768,137.90625,60.03722,G,1353,0.004513,UUN,10.84,0,496,14,115,49,27,7,3
311,NGC 2784,138.08125,-24.17261,G,691,0.002305,SUN,11.3,0,159,7,103,23,9,18,0
312,ESO 126- G 002,138.37563,-60.78953,G,2858,0.009533,SUN,13.58,0,47,1,48,12,8,16,0
313,NGC 2748,138.42925,76.47533,G,1476,0.004923,SUN,12.4,0,222,12,84,37,14,7,1
314,NGC 2822,138.45717,-69.64485,G,1652,0.00551,UUN,11.66,0,29,4,16,5,3,16,0
315,NGC 2782,138.5213,40.1137,G,2558,0.008533,S1L,12.3,0,465,20,178,55,39,8,0
316,NGC 2811,139.04629,-16.31272,G,2368,0.007899,SUN,11.5B,0,167,8,43,18,8,7,0
317,NGC 2815,139.08229,-23.63325,G,2545,0.008489,S1L,12.81,0,131,5,61,19,16,19,0
318,NGC 2835,139.47046,-22.35467,G,887,0.002959,S1L,11.01,0,271,7,77,36,17,19,1
319,NGC 2787,139.82749,69.20325,G,696,0.002322,SUN,11.82,0,359,14,150,45,24,12,0
320,NGC 2832,139.94526,33.74974,G,6897,0.023006,SUN,12.9g,0,271,8,125,37,28,12,0
321,NGC 2805,140.08504,64.10278,G,1733,0.005779,UUN,11.52,0,240,8,71,39,17,8,1
322,NGC 2855,140.36454,-11.9095,G,1897,0.006328,SUN,12.63,0,113,9,45,18,12,6,0
323,NGC 2841,140.51098,50.97652,G,635,0.002118,S1L,9.53B,0,1072,21,233,74,34,8,2
324,NGC 2887,140.85021,-63.81256,G,2881,0.00961,SLS,12.77,0,53,2,42,9,9,16,1
325,NGC 2865,140.87588,-23.16144,G,2627,0.008763,SUN,12.57,0,213,11,93,25,17,20,0
326,NGC 2859,141.07721,34.51349,G,1688,0.005631,S1L,11.83,0,276,12,91,35,25,11,0
327,NGC 2915,141.54804,-76.62633,G,468,0.001561,UUN,13.2B,0,237,10,131,35,20,17,0
328,NGC 2903,143.04212,21.50083,G,550,0.001834,UUN,9.68,0,1093,29,247,76,42,8,0
329,UGCA 168,143.33963,-33.0335,G,926,0.003089,UUN,12.8,0,65,1,53,18,13,6,0
330,NGC 2911,143.44213,10.15244,G,3231,0.010777,SLS,12.5,0,301,12,128,47,34,15,0
331,NGC 2935,144.18687,-21.12814,G,2271,0.007575,UUN,12.35,0,173,11,60,21,19,19,0
332,NGC 2967,145.51373,0.33644,G,1878,0.006264,S1L,12.3,0,186,3,117,37,25,15,0
333,NGC 2974,145.63867,-3.69914,G,1887,0.006294,UUN,12.3,0,407,16,127,37,23,6,0
334,NGC 2950,145.64644,58.85126,G,1322,0.00441,UUN,11.7g,0,222,8,82,27,21,12,0
335,NGC 2964,145.72596,31.84739,G,1318,0.004396,UUN,12,0,343,15,102,44,30,8,0
336,NGC 2965,145.82981,36.2478,G,6696,0.022336,SLS,14.0g,0,126,2,88,49,35,14,1
337,NGC 2986,146.06683,-21.278,G,2302,0.007679,SUN,11.72,0,212,8,104,23,13,18,0
338,NGC 2997,146.41162,-31.19108,G,1089,0.003633,UUN,10.06,0,374,11,104,32,19,17,0
339,NGC 3001,146.57775,-30.43747,G,2464,0.008219,S1L,12.72,0,93,5,52,17,15,19,0
340,NGC 2976,146.81442,67.91639,G,3,0.000009,SLS,10.82,0,612,16,173,77,24,8,1
341,NGC 3003,147.15021,33.4215,G,1480,0.004937,S1L,12.33,0,246,11,61,48,30,8,1
342,NGC 3059,147.534,-73.92219,G,1257,0.004193,UUN,11.7,0,116,6,65,15,14,17,0
343,NGC 2985,147.59262,72.27864,G,1324,0.004416,S1L,11.18,0,277,16,60,25,13,6,0
344,NGC 3038,147.81438,-32.75256,G,2790,0.009306,S1L,12.42,0,94,4,64,20,19,19,0
345,NGC 3041,148.27975,16.67767,G,1411,0.004707,S1L,12.3,0,163,4,59,34,30,9,0
346,NGC 3044,148.42033,1.57964,G,1289,0.0043,S1L,12.46,0,232,11,91,48,29,7,0
347,NGC 3054,148.61917,-25.70344,G,2426,0.008091,S1L,11.6B,0,171,5,47,21,18,18,0
348,NGC 3056,148.637,-28.29819,G,973,0.003246,UUN,12.57,0,88,5,52,17,14,19,0
349,NGC 3027,148.91917,72.20356,G,1060,0.003536,S1L,12.18,0,132,8,61,25,18,8,0
350,MESSIER 082,148.96969,69.67938,G,269,0.000897,UUN,9.3,0,2523,36,452,99,49,13,0
351,WISEA J095735.15+024445.4,149.39653,2.74596,!*,0,0,PUN,13.5g,0,8,0,72,10,1,6,0
352,NGC 3078,149.60254,-26.92667,G,2580,0.008606,UUN,12.14,0,195,6,88,37,21,22,0
353,WISEA J095858.82+013745.9,149.74515,1.62934,!*,0,0,PUN,13.2g,0,10,0,71,10,1,6,0
354,NGC 3087,149.78608,-34.22522,G,2672,0.008913,SUN,11.58,0,95,3,49,15,13,18,0
355,IC 2531,149.98237,-29.61697,G,2472,0.008246,S1L,12.9,0,130,10,53,24,19,18,0
356,Sextans B,150.00042,5.33222,G,301,0.001004,S1L,11.85,0,413,13,68,67,25,5,0
357,BD +02 2274,150.01517,1.84589,!*,0,0,SUN,10.51,0,14,0,32,7,1,4,0
358,NGC 3095,150.02429,-31.55286,G,2723,0.009083,SUN,12.42,0,113,7,69,16,14,20,1
359,SDSS J100009.80+022349.8,150.0405,2.39709,!*,0,0,SUN,10.9g,0,17,0,40,10,1,6,0
360,NGC 3091,150.05954,-19.63696,G,3964,0.013222,UUN,12.13,0,192,9,76,23,19,18,1
361,NGC 3100,150.17015,-31.66454,G,2642,0.008813,UUN,12,0,98,6,60,31,14,18,0
362,WISEA J100142.17+015319.8,150.42576,1.88881,!*,0,0,SUN,11.9g,0,15,0,54,13,1,4,0
363,HD 086900,150.42988,2.2912,!*,0,0,SUN,12.7g,0,15,0,65,11,1,7,0
364,NGC 3079,150.49085,55.67979,G,1106,0.003689,S1L,9.97B,0,1005,35,331,95,62,8,0
365,NGC 3108,150.62096,-31.67742,G,2673,0.008916,SUN,12.78,0,64,2,49,12,8,18,0
366,NGC 3109,150.77867,-26.15958,G,403,0.001344,SUN,10.39,0,523,16,59,41,16,17,0
367,NGC 3077,150.82946,68.73392,G,14,0.000047,SUN,10.61,0,553,14,166,63,22,8,0
368,HD 087179,150.84025,2.05752,!*,0,0,PUN,8.9,0,10,0,74,11,1,7,0
369,NGC 3115,151.30825,-7.71858,G,686,0.002287,SST,9.87,0,793,20,123,45,39,6,4
370,NGC 3136,151.45067,-67.37797,G,1713,0.005714,SUN,11.7,0,113,8,69,9,9,17,0
371,Leo I,152.11708,12.30639,G,285,0.000951,SUN,11.18,0,588,6,17,38,16,5,0
372,IC 2554,152.21067,-67.03086,G,1397,0.004659,S1L,12.51,0,74,3,57,11,9,16,0
373,NGC 3137,152.28117,-29.06431,G,1104,0.003683,S1L,12.1,0,80,3,65,22,15,18,0
374,NGC 3145,152.54112,-12.43378,G,3652,0.012182,SUN,12.56,0,146,6,66,19,19,8,0
375,NGC 3136B,152.55388,-67.00508,G,1780,0.005937,SUN,12.7,0,57,2,42,10,9,17,0
376,Sextans A,152.75333,-4.69278,G,324,0.001081,S1L,11.86,0,493,15,59,59,23,4,0
377,Sextans dSph,153.26232,-1.6146,G,224,0.000748,UUN,10.4V,0,500,1,2,33,12,0,4
378,NGC 3166,153.44074,3.42497,G,1183,0.003946,SLS,11.3B,0,273,10,136,36,26,16,1
379,SDSS J101414.09+032754.6,153.55871,3.46517,PofG,1316,0.00439,SLS,12.6g,0,2,0,21,6,6,4,0
380,NGC 3169,153.56271,3.46608,G,1232,0.00411,UUN,10.8B,0,454,11,153,49,31,10,0
381,NGC 3175,153.67546,-28.87206,G,1087,0.003626,S1L,12.13,0,127,6,87,27,17,19,0
382,IC 2560,154.07799,-33.56379,G,2925,0.009757,UUN,12.53,0,216,9,122,31,25,23,0
383,NGC 3147,154.22355,73.40075,G,2802,0.009346,UUN,11.43,0,477,17,165,51,25,12,1
384,NGC 3190:[LMD2020] B,154.52347,21.83229,G,1310,0.00437,UUN,11.3B,0,558,8,251,65,32,11,0
385,NGC 3184,154.57026,41.42405,G,582,0.001941,S1L,10.3B,0,760,12,165,82,29,9,1
386,NGC 3193,154.60375,21.89397,G,1381,0.004607,UUN,11.83,0,341,7,152,43,25,8,0
387,NGC 3200,154.65229,-17.98253,G,3522,0.011748,UUN,12.83,0,139,9,57,17,14,19,0
388,NGC 3198,154.97897,45.54962,G,660,0.002202,UUN,10.8B,0,799,17,271,77,32,16,1
389,NGC 3223,155.39617,-34.26681,G,2893,0.00965,S1L,11.79,0,185,8,74,17,21,19,0
390,NGC 3226,155.86253,19.89852,G,1315,0.004386,UUN,12.3,0,396,16,160,51,32,15,1
391,NGC 3227,155.87741,19.86505,G,1126,0.003756,UUN,11.1,0,1420,44,421,115,83,8,0
392,NGC 3239,156.27038,17.16358,G,710,0.002367,SLS,11.73,0,211,7,89,38,18,8,0
393,NGC 3250,156.6345,-39.94394,G,2824,0.00942,SUN,12.18,0,109,6,74,11,8,19,0
394,NGC 3245,156.82662,28.50744,G,1326,0.004423,UUN,11.9g,0,350,19,145,49,24,13,0
395,NGC 3256,156.96362,-43.90375,G,2804,0.009354,S1L,12.15,0,537,13,183,61,40,18,1
396,IC 2574,157.09783,68.41214,G,57,0.00019,SUN,10.8,0,530,16,141,53,15,7,0
397,ESO 436- G 027,157.22308,-31.60894,G,4303,0.014353,UUN,12.6,0,40,2,45,11,8,18,0
398,NGC 3258,157.22321,-35.60553,G,2878,0.0096,SUN,12.49,0,183,7,81,20,19,19,0
399,NGC 3261,157.25608,-44.65683,G,2563,0.008549,UUN,12,0,99,7,47,16,11,18,0
400,NGC 3263,157.30567,-44.12292,G,3002,0.010012,S1L,12.5,0,54,6,71,16,9,15,0
401,NGC 3254,157.3331,29.49183,G,1355,0.00452,SUN,12.9g,0,213,6,88,42,29,12,0
402,NGC 3268,157.50275,-35.32547,G,2800,0.00934,SUN,12.5,0,160,9,97,17,17,18,0
403,NGC 3271,157.61038,-35.3595,G,3804,0.012689,SUN,12.86,0,79,6,85,15,10,20,0
404,NGC 3275,157.71583,-36.73697,G,3211,0.010711,SUN,11.8,0,75,11,39,13,9,19,0
405,NGC 3283,157.79833,-46.25128,G,2899,0.00967,UUN,12.5,0,64,3,45,10,9,17,0
406,NGC 3281,157.96704,-34.85369,G,3200,0.010674,SUN,12.7,0,341,16,150,48,38,18,0
407,NGC 3366,158.7845,-43.69181,G,2891,0.009645,S1L,12.03,0,43,2,41,10,7,19,0
408,NGC 3294,159.06771,37.32469,G,1561,0.005206,SLS,12.2g,0,260,6,108,54,32,11,0
409,NGC 3309,159.14875,-27.51844,G,4075,0.013593,SUN,12.6,0,178,5,95,19,24,19,1
410,NGC 3311,159.17842,-27.52833,G,3825,0.012759,UUN,12.65,0,238,7,95,27,24,18,1
411,NGC 3301,159.2335,21.88214,G,1339,0.004466,UUN,12.31,0,167,3,79,37,20,8,0
412,NGC 3318,159.31463,-41.62756,G,2775,0.009255,S1L,12.19,0,117,6,62,18,18,18,0
413,NGC 3313,159.35604,-25.31944,G,3706,0.012362,SUN,12.38,0,76,4,50,19,14,19,0
414,IC 2597,159.44772,-27.0817,G,2267,0.007562,SUN,12.84,0,117,2,58,18,17,17,0
415,NGC 3310,159.69108,53.50338,G,993,0.003312,S1L,11.15,0,705,20,271,54,36,16,0
416,NGC 3319,159.78941,41.68668,G,739,0.002465,UUN,11.48,0,342,12,122,47,28,14,0
417,NGC 3338,160.53142,13.747,G,1300,0.004336,S1L,12.8g,0,288,7,97,44,29,12,1
418,NGC 3347,160.69396,-36.35267,G,3010,0.01004,SUN,12.17,0,84,6,56,13,10,19,0
419,NGC 3344,160.87979,24.92222,G,580,0.001935,UUN,10.45,0,427,8,148,55,25,11,0
420,NGC 3358,160.88758,-36.41069,G,2988,0.009967,SUN,12.29,0,82,9,46,8,7,19,0
421,NGC 3346,160.91213,14.87186,G,1274,0.00425,UUN,13.4g,0,225,9,76,43,31,12,0
422,MESSIER 095,160.99042,11.70381,G,779,0.002598,S1L,11.4g,0,1011,19,318,102,44,12,0
423,NGC 3367,161.64564,13.75086,G,3038,0.010134,SUN,12.7g,0,320,15,192,44,29,19,0
424,NGC 3359,161.6536,63.22424,G,1014,0.003382,SUN,11.03,0,362,15,109,37,26,16,1
425,MESSIER 096,161.69058,11.81994,G,888,0.002962,S1L,10.11,0,859,21,207,54,34,14,0
426,NGC 3348,161.79167,72.83967,G,2737,0.009129,SLS,12.17,0,149,5,46,22,15,7,0
427,NGC 3377,161.92638,13.98592,G,664,0.002214,SST,11.24,0,693,16,132,50,30,13,0
428,MESSIER 105,161.95662,12.58162,G,907,0.003026,SST,10.24,0,1122,22,290,52,36,11,0
429,NGC 3390,162.01817,-31.53336,G,3047,0.010164,SUN,12.85,0,96,8,53,13,10,19,0
430,NGC 3384,162.07036,12.62927,G,704,0.002348,SUN,10.85,0,551,17,160,43,20,17,0
431,NGC 3412,162.722,13.41213,G,841,0.002805,SUN,11.7g,0,261,8,96,33,25,11,0
432,NGC 3423,162.80971,5.84003,G,1004,0.003349,UUN,11.59,0,209,7,87,36,30,16,1
433,NGC 3414,162.81753,27.9751,G,1470,0.004903,UUN,11.96,0,339,15,137,54,29,15,0
434,BD +40 2376,162.98518,40.10942,!*,15,0.000049,SLS,9.78,0,0,0,50,7,2,4,0
435,NGC 3430,163.04752,32.95043,G,1586,0.00529,SUN,12.2,0,261,9,100,55,33,11,0
436,NGC 3432,163.12971,36.61878,G,616,0.002055,SUN,10.5B,0,309,12,104,47,18,7,2
437,WISEA J105249.09+405619.4,163.20462,40.93878,G,1,0.000004,SLS,14.1g,0,0,0,37,7,2,4,0
438,NGC 3449,163.22358,-32.92761,G,3276,0.010928,S1L,12.19,0,73,3,67,21,14,19,0
439,WISEA J105254.29+410043.3,163.22627,41.01206,*,25,0.000082,SLS,12.2g,0,0,0,27,7,2,4,0
440,BD +40 2381,163.51462,39.51699,!*,10,0.000035,SLS,13.2g,0,0,0,23,5,2,4,0
441,WISEA J105404.02+403753.2,163.51674,40.6315,!*,1,0.000004,SLS,13.3g,0,0,0,34,7,2,4,0
442,WISEA J105653.64+403038.2,164.22383,40.51078,!*,38,0.000128,SLS,13.8g,0,0,0,37,6,2,4,0
443,WISEA J105738.72+392849.5,164.41145,39.48038,!*,50,0.000168,SLS,13.9g,0,0,0,35,6,2,4,0
444,BD +39 2393,164.55113,39.05234,!*,43,0.000142,SLS,9.83,0,0,0,33,5,2,4,0
445,BD +42 2170,164.70232,41.38216,!*,20,0.000067,SLS,12.9g,0,0,0,36,6,2,4,0
446,WISEA J105849.14+404337.4,164.70478,40.72713,!*,11,0.000036,SLS,13.6g,0,0,0,37,6,2,4,0
447,WISEA J105916.04+410318.3,164.817,41.05505,!*,46,0.000154,SLS,13.5g,0,0,0,37,6,2,4,0
448,NGC 3489,165.07737,13.90122,G,677,0.002258,SUN,11.12,0,404,12,116,45,32,8,0
449,NGC 3486,165.09945,28.97514,G,678,0.002262,S1L,11.05,0,403,11,122,43,22,12,2
450,WISEA J110039.08+385949.6,165.1631,38.99715,!*,32,0.000108,SLS,13.9g,0,0,0,36,6,2,4,0
451,NGC 3495,165.31762,3.62793,G,1128,0.003763,S1L,12.41,0,171,5,77,31,23,6,0
452,WISEA J110125.54+413215.6,165.35627,41.53792,!*,8,0.000028,SLS,13.1g,0,0,0,37,6,2,4,0
453,WISEA J110145.86+405231.7,165.44111,40.87552,!*,15,0.00005,SLS,14.2g,0,0,0,41,7,2,4,0
454,NGC 3504,165.79671,27.9725,G,1525,0.005087,UUN,11.4B,0,544,23,133,58,33,8,0
455,NGC 3511,165.84904,-23.08678,G,1109,0.003699,UUN,11.53,0,194,10,119,30,28,18,0
456,NGC 3507,165.85565,18.13545,G,979,0.003266,SUN,11.73,0,202,6,104,35,21,14,0
457,NGC 3513,165.942,-23.2455,G,1193,0.003979,SUN,11.93,0,141,7,57,20,13,18,0
458,MRK 0421,166.11381,38.20883,G,9000,0.030021,SUN,12.8V,0,1462,17,404,132,89,10,0
459,WISEA J110444.53+405554.5,166.18566,40.93183,!*,1,0.000004,SLS,14.0g,0,0,0,41,7,2,4,0
460,NGC 3521,166.45242,-0.03586,G,799,0.002665,S1L,9.83,0,784,17,312,92,40,8,0
461,NGC 3516,166.69788,72.56858,G,2649,0.008836,SUN,12.5,0,1109,35,277,87,67,8,0
462,ESO 265- G 007,166.95656,-46.52429,G,1068,0.003562,UUN,12.38,0,46,2,45,12,10,16,0
463,NGC 3557,167.49017,-37.53916,G,3079,0.01027,SUN,11.41,0,277,13,150,38,28,23,0
464,MESSIER 108,167.87904,55.67411,G,696,0.002322,S1L,10.69,0,494,15,146,53,29,7,0
465,NGC 3585,168.32121,-26.75484,G,1434,0.004783,UUN,10.88,0,285,8,119,30,14,21,0
466,NGC 3593,168.65417,12.81767,G,622,0.002075,S1L,12.6g,0,375,10,107,44,34,12,0
467,NGC 3596,168.77586,14.78702,G,1193,0.003979,S1L,11.95,0,240,7,81,39,32,13,1
468,NGC 3607,169.22766,18.05176,G,930,0.003102,UUN,10.82,0,472,16,150,44,32,14,0
469,NGC 3608,169.24563,18.14868,G,1253,0.00418,UUN,11.7,0,530,16,176,56,30,14,0
470,NGC 3621,169.56879,-32.81406,G,730,0.002435,UUN,10.18,0,494,11,199,67,24,18,0
471,NGC 3610,169.6053,58.78628,G,1707,0.005694,UUN,11.7g,0,294,8,115,31,17,11,0
472,NGC 3613,169.65045,58,G,2051,0.006841,UUN,11.82,0,234,7,85,31,19,11,0
473,MESSIER 065,169.73298,13.09236,G,803,0.002679,S1L,10.25,0,480,10,134,46,29,8,1
474,NGC 3626,170.01588,18.35684,G,1494,0.004983,S1L,11.9g,0,262,10,86,42,28,12,0
475,MESSIER 066,170.06235,12.99154,G,722,0.002408,S1L,9.65,0,1348,26,365,128,47,11,0
476,NGC 3628,170.07071,13.58968,G,846,0.002822,S1L,10.2B,0,708,27,214,77,46,11,0
477,NGC 3631,170.26198,53.16957,G,1156,0.003856,SUN,11.01,0,375,8,95,51,24,11,2
478,NGC 3640,170.27854,3.23483,G,1298,0.00433,UUN,11.36,0,294,7,108,38,20,7,0
479,NGC 3646,170.4295,20.16955,G,4246,0.014163,S1L,11.1B,0,195,6,72,26,22,12,0
480,NGC 3642,170.57455,59.07451,G,1585,0.005287,S1L,12.6g,0,243,9,110,35,22,16,0
481,NGC 3666,171.10862,11.34222,G,1060,0.003536,SUN,12.8g,0,171,4,85,46,37,11,0
482,NGC 3665,171.18197,38.76285,G,2069,0.006901,UUN,11.9g,0,370,10,135,54,28,12,2
483,NGC 3672,171.26029,-9.79539,G,1871,0.006241,S1L,12.2,0,245,8,68,26,23,7,0
484,NGC 3673,171.30354,-26.73672,G,1940,0.006471,S1L,12.34,0,114,5,60,24,21,18,0
485,NGC 3675,171.53575,43.58592,G,770,0.002568,SUN,11,0,332,9,104,34,24,7,1
486,NGC 3681,171.62417,16.86319,G,1232,0.004109,SLS,11.9,0,179,8,82,47,24,11,0
487,NGC 3684,171.79665,17.03017,G,1163,0.003879,SUN,12,0,215,7,79,38,24,12,0
488,NGC 3686,171.93321,17.22418,G,1157,0.003859,UUN,11.89,0,234,8,80,35,20,14,0
489,NGC 3690,172.13458,58.56194,GPair,3121,0.010411,SUN,13.1B,0,536,19,203,35,23,2,1
490,NGC 3706,172.43512,-36.39131,G,2977,0.00993,SUN,12.38,0,142,5,65,16,12,19,0
491,NGC 3705,172.53108,9.27664,G,1018,0.003396,SUN,11.86,0,208,9,75,34,30,8,1
492,NGC 3717,172.88329,-30.30775,G,1733,0.005781,SUN,12.24,0,124,7,83,21,18,19,0
493,NGC 3718,173.14522,53.06792,G,993,0.003312,SUN,11.59,0,374,11,161,55,34,12,0
494,NGC 3726,173.33801,47.02921,G,864,0.002882,S1L,10.91,0,398,9,141,38,24,11,0
495,NGC 3729,173.45552,53.12555,G,1060,0.003536,UUN,12.03,0,223,8,131,43,28,13,0
496,NGC 3738,173.95329,54.52389,G,236,0.000787,UUN,12.13,0,283,15,70,42,17,7,1
497,NGC 3735,173.98875,70.53558,G,2696,0.008993,S1L,12.5,0,198,6,93,44,22,7,1
498,MRK 0180,174.11004,70.15758,G,13491,0.045,SUN,15.5,0,358,8,102,58,38,2,3
499,NGC 3756,174.20007,54.29356,G,1289,0.0043,S1L,12.11,0,214,6,120,46,27,19,0
500,NGC 3769,174.43379,47.89308,G,737,0.002459,SUN,12.5g,0,230,6,98,38,30,11,1
501,NGC 3810,175.24483,11.47114,G,992,0.003309,S1L,12.0g,0,390,9,131,44,37,16,3
502,NGC 3862,176.27087,19.60632,G,6474,0.021595,SLS,13.67,0,574,15,223,66,53,12,1
503,NGC 3877,176.53208,47.49435,G,895,0.002985,S1L,12.1g,0,428,6,136,55,28,14,1
504,NGC 3887,176.76904,-16.85461,G,1208,0.004029,SUN,11.41,0,179,8,87,27,16,6,0
505,NGC 3893,177.15912,48.71083,G,967,0.003226,SUN,11.16,0,406,8,116,39,23,7,0
506,NGC 3894,177.20983,59.41566,G,3230,0.010773,SLS,12.63,0,249,8,129,52,30,13,1
507,NGC 3900,177.28942,27.02204,G,1800,0.006004,S1L,12.5g,0,213,6,89,33,22,12,0
508,NGC 3904,177.30508,-29.27675,G,1576,0.005257,SUN,11.83,0,182,6,77,21,15,18,0
509,NGC 3898,177.31404,56.08436,G,1157,0.003859,UUN,11.6,0,329,15,74,43,23,8,3
510,NGC 3917,177.6893,51.82466,G,965,0.003218,SUN,12.51,0,205,5,105,27,18,11,0
511,NGC 3923,177.75706,-28.80602,G,1739,0.005801,SUN,10.8,0,364,8,124,37,19,22,0
512,NGC 3936,178.08579,-26.90589,G,2013,0.006715,SUN,12.76,0,99,3,63,23,18,17,0
513,NGC 3938,178.20604,44.12072,G,808,0.002695,UUN,10.8B,0,552,13,191,63,23,8,0
514,NGC 3941,178.23066,36.98633,G,922,0.003075,SUN,11.25,0,270,10,90,38,22,11,0
515,NGC 3945,178.30721,60.67556,G,1281,0.004273,UUN,11.8,0,252,7,115,36,14,9,0
516,NGC 3949,178.42384,47.85871,G,800,0.002669,UUN,11.7g,0,365,9,160,50,26,11,1
517,NGC 3953,178.45382,52.32677,G,1050,0.003502,S1L,9.88B,0,413,9,117,45,30,8,2
518,NGC 3955,178.48811,-23.16418,G,1491,0.004973,SUN,12.89,0,130,4,97,25,14,19,0
519,NGC 3962,178.66708,-13.97503,G,1815,0.006054,SUN,12.5,0,189,7,103,24,13,6,0
520,NGC 3981,179.03104,-19.89617,G,1723,0.005747,UUN,12.08,0,127,8,80,22,18,17,0
521,NGC 3982,179.1172,55.12524,G,1112,0.00371,UUN,12.0g,0,604,20,278,85,48,16,1
522,MESSIER 109,179.39992,53.37453,G,1048,0.003496,SUN,10.6,0,425,10,80,34,23,8,0
523,NGC 3998,179.48389,55.45359,G,1048,0.003496,UUN,11.61,0,608,22,224,71,47,10,0
524,NGC 4013,179.63075,43.94658,G,831,0.002773,SUN,12.1B,0,366,8,101,56,32,12,1
525,IC 0750,179.71751,42.72247,G,701,0.002337,SUN,12.8g,0,197,7,127,38,29,15,0
526,NGC 4026,179.85496,50.96169,G,985,0.003286,UUN,11.67,0,283,8,103,38,18,9,0
527,NGC 4027,179.87571,-19.26522,G,1671,0.005574,SUN,11.66,0,242,14,78,23,16,19,0
528,NGC 4030,180.09844,-1.10009,G,1458,0.004863,S1L,11.6g,0,383,11,120,65,39,11,0
529,SDSS J120125.49+615339.7,180.35621,61.89439,PofG,1498,0.004997,SLS,11.6g,0,1,0,20,3,2,4,0
530,NGC 4036,180.36147,61.89578,G,1385,0.00462,UUN,11.7g,0,292,10,141,45,19,14,0
531,NGC 4038,180.47088,-18.86761,G,1624,0.005417,SUN,11.2,0,664,16,85,37,23,26,21
532,ARP 244,180.47208,-18.87694,GPair,1705,0.005688,S1L,13,0,401,9,64,16,7,2,2
533,NGC 4039,180.47296,-18.88619,G,1641,0.005474,SUN,11.08,0,435,14,82,24,13,27,31
534,NGC 4041,180.55084,62.13722,G,1215,0.004053,S1L,12.1g,0,285,11,126,42,26,15,0
535,NGC 4045,180.67599,1.97681,G,1961,0.006542,SLS,12.9g,0,245,6,128,58,48,16,0
536,NGC 4051,180.79006,44.53133,G,700,0.002336,SUN,10.83,0,1548,40,425,129,94,10,0
537,NGC 4062,181.01596,31.89581,G,758,0.002528,UUN,12.5g,0,312,10,135,41,28,11,1
538,NGC 4064,181.04648,18.44342,G,907,0.003025,S1L,12.22,0,206,5,87,33,22,12,0
539,NGC 4073,181.11277,1.89597,G,5912,0.019719,SLS,12.9g,0,181,4,103,40,40,15,0
540,NGC 4088,181.39246,50.53903,G,746,0.002488,S1L,11.15,0,463,16,229,49,34,8,2
541,NGC 4096,181.50471,47.47844,G,572,0.001908,S1L,12.3g,0,311,7,108,53,29,12,0
542,NGC 4100,181.53522,49.58268,G,1074,0.003584,SUN,11.89,0,288,8,120,41,28,12,0
543,NGC 4102,181.5958,52.71108,G,846,0.002823,SUN,12.3g,0,430,14,239,64,45,19,0
544,NGC 4105,181.66987,-29.76022,G,1858,0.006198,SUN,11.6,0,154,8,63,17,13,17,0
545,NGC 4106,181.68667,-29.76831,G,2150,0.007172,SUN,12.36,0,100,9,17,9,6,15,0
546,NGC 4111,181.76305,43.06572,G,788,0.002628,S1L,11.63,0,361,16,159,52,32,10,0
547,NGC 4112,181.78946,-40.20817,G,2714,0.009053,SUN,12.82,0,40,2,43,11,8,17,0
548,NGC 4125,182.02508,65.17414,G,1281,0.004273,SLS,10.65,0,428,14,217,51,29,10,1
549,NGC 4119,182.04008,10.37889,G,1651,0.005507,SLS,12.3g,0,177,4,104,36,23,11,0
550,NGC 4123,182.0463,2.87828,G,1327,0.004426,SUN,12.9g,0,356,7,123,46,40,16,0
551,NGC 4136,182.32372,29.92762,G,606,0.002021,UUN,11.69,0,271,10,126,48,20,11,0
552,NGC 4138,182.37408,43.68531,G,874,0.002915,S1L,12.16,0,379,10,228,69,46,9,0
553,NGC 4143,182.40027,42.53417,G,946,0.003156,UUN,11.9g,0,256,11,140,39,21,15,0
554,NGC 4144,182.49417,46.45717,G,265,0.000884,S1L,12.05,0,265,6,100,45,24,8,0
555,NGC 4145,182.50633,39.88386,G,1009,0.003366,UUN,11.78,0,194,8,68,26,18,8,0
556,NGC 4151,182.63574,39.40573,G,997,0.003326,UUN,11.5,0,2496,51,558,112,92,18,2
557,NGC 4150,182.64021,30.40153,G,208,0.000694,UUN,12.44,0,307,17,150,38,19,7,1
558,NGC 4157,182.76821,50.48467,G,771,0.002572,S1L,12.15,0,390,4,106,51,26,8,0
559,NGC 4162,182.96863,24.12367,G,2572,0.008579,S1L,12.87,0,169,6,74,35,28,7,0
560,NGC 4168,183.07195,13.20519,G,2273,0.007582,SLS,12.4g,0,398,13,193,47,36,11,1
561,NGC 4178,183.19354,10.86597,G,374,0.001248,S1L,11.9,0,390,7,103,47,32,7,1
562,NGC 4179,183.21714,1.29969,G,1300,0.004336,UUN,12.1g,0,201,5,109,35,21,12,0
563,NGC 4183,183.32033,43.69858,G,929,0.003099,S1L,12.9g,0,212,6,93,40,26,11,0
564,NGC 4203,183.77106,33.19733,G,1086,0.003623,SUN,11.8,0,461,20,201,61,31,9,0
565,NGC 4206,183.82003,13.02398,G,703,0.002345,S1L,13.0g,0,264,4,120,41,31,16,0
566,ESO 380- G 006,183.89279,-35.62975,G,2947,0.00983,SUN,12.66,0,58,3,55,15,12,18,0
567,NGC 4214,183.91321,36.32689,G,291,0.000971,UUN,10.24,0,803,25,144,80,35,8,0
568,NGC 4217,183.96208,47.09178,G,1028,0.003429,S1L,12.04,0,303,6,99,54,25,8,2
569,NGC 4216,183.97683,13.14939,G,131,0.000437,SUN,10.99,0,438,12,122,56,31,9,0
570,NGC 4220,184.0488,47.88326,G,914,0.003049,SUN,12.2g,0,193,8,140,50,31,16,0
571,NGC 4219,184.11383,-43.32425,G,1989,0.006635,UUN,12.71,0,92,6,69,18,18,19,0
572,NGC 4224,184.14077,7.46209,G,2585,0.008621,SLS,12.8g,0,185,2,115,39,33,15,0
573,NGC 4236,184.1755,69.46258,G,0,0,SUN,10.05,0,423,16,115,39,14,8,0
574,NGC 4235,184.29117,7.19158,G,2263,0.007548,SLS,12.5g,0,424,16,198,62,46,16,0
575,NGC 4237,184.29758,15.32398,G,864,0.002881,SLS,12.4g,0,291,5,135,49,35,19,1
576,NGC 4244,184.37358,37.80711,G,244,0.000815,SUN,10.88,0,470,15,94,52,25,7,1
577,NGC 4242,184.37574,45.6193,G,515,0.001718,S1L,11.2B,0,301,7,87,42,24,15,0
578,UGC 07321,184.3917,22.54015,G,408,0.001361,SUN,14.0g,0,217,1,116,42,29,11,0
579,NGC 4245,184.40322,29.60801,G,869,0.002899,SLS,12.31,0,214,9,88,31,21,8,0
580,NGC 4251,184.53437,28.17539,G,1066,0.003556,UUN,11.58,0,219,6,85,33,21,8,0
581,NGC 4256,184.67952,65.89825,G,2489,0.008303,SLS,12.7,0,97,4,68,23,13,11,0
582,MESSIER 099,184.70668,14.41651,G,2406,0.008026,S1L,10.44,0,976,21,291,110,42,12,0
583,MESSIER 106,184.7396,47.30397,G,461,0.001538,S1L,8.41V,0,1378,35,237,97,59,12,0
584,NGC 4260,184.84267,6.09868,G,1776,0.005924,SLS,12.5g,0,193,8,96,42,29,15,0
585,NGC 4261,184.84675,5.82522,G,2177,0.007261,SLS,11.41,0,1032,33,267,90,65,10,0
586,NGC 4262,184.8774,14.87765,G,1359,0.004533,SUN,12.49,0,353,12,123,51,30,11,0
587,NGC 4267,184.93848,12.79828,G,1021,0.003406,UUN,11.86,0,276,6,135,43,24,11,0
588,NGC 4274,184.9608,29.61448,G,930,0.003102,SUN,11.34,0,301,10,74,32,21,8,0
589,NGC 4278,185.02843,29.28076,G,649,0.002165,SUN,11.2,0,915,31,328,86,40,16,0
590,NGC 4291,185.07583,75.37083,G,1757,0.005861,SUN,12.43,0,310,6,42,26,17,7,0
591,NGC 4281,185.08968,5.38639,G,2671,0.008909,UUN,12.25,0,219,8,101,33,21,10,0
592,NGC 4293,185.30371,18.38239,G,900,0.003003,SLS,11.26,0,334,9,129,43,25,12,0
593,NGC 4298,185.3865,14.60617,G,1124,0.003749,SLS,12.5g,0,346,8,104,58,37,11,2
594,NGC 4302,185.427,14.59831,G,1098,0.003663,SLS,13.6g,0,332,9,80,58,35,11,2
595,ESO 321- G?026,185.46875,-38.78972,G,3115,0.010389,S1L,15.5,0,16,1,10,5,2,13,0
596,MESSIER 061,185.47873,4.47365,G,1566,0.005224,UUN,10.18,0,981,33,226,75,35,14,0
597,NGC 4312,185.63067,15.53792,G,158,0.000526,SLS,12.53,0,194,4,84,46,28,8,0
598,NGC 4314,185.6326,29.89589,G,963,0.003212,SUN,11.43,0,441,21,96,32,18,12,2
599,NGC 4313,185.6606,11.80093,G,1431,0.004773,SLS,12.5g,0,177,3,95,44,30,14,0
600,MESSIER 100,185.72846,15.82182,G,1571,0.00524,UUN,9.84B,0,1662,38,324,119,51,13,0
601,NGC 4324,185.77574,5.25034,G,1667,0.005561,S1L,12.51,0,255,6,105,46,33,12,0
602,NGC 4346,185.86642,46.99383,G,832,0.002775,UUN,12.14,0,134,2,65,31,17,6,0
603,NGC 4339,185.89562,6.08175,G,1266,0.004223,UUN,12.26,0,255,5,68,37,24,8,0
604,NGC 4340,185.89703,16.72236,G,933,0.003112,UUN,12.1,0,298,11,93,36,23,12,0
605,NGC 4350,185.99111,16.69341,G,1210,0.004036,UUN,11.94,0,347,15,132,50,24,8,0
606,NGC 4365,186.11785,7.31767,G,1243,0.004146,UUN,10.52,0,702,16,149,54,37,7,0
607,NGC 4369,186.15083,39.383,G,1015,0.003386,S1L,12.33,0,232,8,104,41,28,8,0
608,NGC 4371,186.23096,11.70421,G,933,0.003112,UUN,11.79,0,339,9,108,50,23,8,0
609,MESSIER 084,186.2656,12.88698,G,1017,0.003392,UUN,10.09,0,1649,41,359,95,57,7,0
610,NGC 4373,186.32425,-39.75972,G,3396,0.011328,SUN,11.9,0,118,6,62,10,14,19,0
611,NGC 4378,186.32543,4.92515,G,2559,0.008536,SUN,12.63,0,262,5,99,43,29,12,0
612,NGC 4380,186.34238,10.01681,G,963,0.003212,S1L,13.0g,0,294,4,103,50,39,12,0
613,MESSIER 085,186.35045,18.19149,G,729,0.002432,SUN,10,0,586,15,146,41,25,11,0
614,NGC 4388,186.44478,12.66209,G,2524,0.008419,SUN,12.1g,0,1132,29,382,140,88,16,0
615,NGC 4395,186.45359,33.54693,G,319,0.001064,SUN,10.64,0,868,31,210,103,59,17,0
616,NGC 4394,186.48136,18.21406,G,922,0.003075,SUN,11.73,0,419,9,93,44,24,10,0
617,NGC 4414,186.61292,31.22353,G,708,0.002362,S1L,10.96,0,552,16,159,53,31,7,1
618,NGC 4417,186.71088,9.58426,G,828,0.002762,UUN,12,0,290,6,101,42,27,8,0
619,NGC 4421,186.76058,15.46148,G,1551,0.005174,SLS,12.6g,0,142,2,100,27,20,16,0
620,NGC 4424,186.79838,9.42067,G,437,0.001458,S1L,12.34,0,372,9,83,51,35,8,3
621,NGC 4429,186.86045,11.10771,G,1104,0.003683,UUN,11.02,0,344,5,120,45,23,12,0
622,IC 3370,186.90554,-39.33778,G,2930,0.009773,SUN,11.99,0,163,9,87,18,17,19,0
623,NGC 4435,186.9187,13.07895,G,791,0.002638,UUN,11.8g,0,431,12,190,60,27,14,0
624,NGC 4438,186.93997,13.00883,G,71,0.000237,SUN,11.02,0,557,20,143,55,33,8,0
625,NGC 4442,187.01618,9.80371,G,547,0.001825,UUN,11.38,0,315,4,109,48,23,8,0
626,NGC 4449,187.04626,44.09363,G,207,0.00069,SUN,9.99,0,814,22,154,69,29,12,1
627,NGC 4448,187.06429,28.62031,G,658,0.002195,S1L,12,0,240,8,81,38,22,8,0
628,NGC 4450,187.12346,17.08494,G,1956,0.006525,SUN,10.9,0,567,17,245,72,33,11,0
629,NGC 4457,187.24588,3.57058,G,882,0.002942,SUN,11.76,0,329,11,121,58,34,8,2
630,NGC 4459,187.25004,13.97837,G,1192,0.003976,UUN,11.32,0,546,17,178,63,32,10,0
631,NGC 4461,187.26256,13.18376,G,1924,0.006418,UUN,12.09,0,271,4,116,46,25,12,2
632,NGC 4469,187.36679,8.74992,G,588,0.001962,SLS,12.0g,0,194,3,85,38,24,10,0
633,MESSIER 049,187.44484,8.00048,G,981,0.003272,UUN,9.37,0,1424,27,270,76,53,11,0
634,NGC 4473,187.45363,13.42936,G,2244,0.007485,SUN,11.16,0,645,16,193,58,37,7,0
635,NGC 4474,187.47311,14.06859,G,1611,0.005374,UUN,12.5g,0,285,5,103,43,28,12,0
636,NGC 4477,187.50916,13.6366,G,1338,0.004463,UUN,11.38,0,417,8,178,56,25,15,0
637,NGC 4478,187.57257,12.32855,G,1349,0.0045,SUN,12.36,0,484,10,135,45,27,11,0
638,NGC 4490,187.651,41.6439,G,565,0.001885,SUN,10.22,0,606,11,156,61,32,12,1
639,MESSIER 087,187.70593,12.39112,G,1284,0.004283,UUN,9.59,0,3364,55,506,122,77,14,1
640,NGC 4486A,187.74046,12.27036,G,758,0.002528,UUN,14,0,194,9,73,34,19,7,0
641,NGC 4487,187.76858,-8.05392,G,1036,0.003456,UUN,12.26,0,216,5,51,23,14,6,0
642,NGC 4494,187.85043,25.77525,G,1342,0.004476,UUN,10.71,0,460,15,113,44,26,7,0
643,NGC 4496A,187.91338,3.93947,G,1730,0.005771,SUN,11.94,0,249,7,52,39,27,4,0
644,MESSIER 088,187.9965,14.42039,G,2284,0.007619,S1L,9.56B,0,827,21,205,74,45,11,1
645,NGC 4503,188.02597,11.17642,G,1334,0.00445,UUN,12.05,0,254,5,98,32,19,12,0
646,NGC 4504,188.07271,-7.56344,G,998,0.003329,S1L,12.5,0,146,4,59,27,16,6,0
647,NGC 4517,188.18996,0.11503,G,1126,0.003756,S1L,11.1,0,315,6,91,61,36,7,2
648,NGC 4526,188.51286,7.69952,G,617,0.002058,UUN,10.66,0,817,14,145,61,39,8,0
649,NGC 4527,188.53509,2.65366,G,1736,0.005791,SUN,11.38,0,688,12,116,51,33,8,0
650,NGC 4531,188.5662,13.07532,G,90,0.000301,SLS,12.42,0,157,2,73,35,23,7,0
651,NGC 4535,188.58462,8.19775,G,1964,0.006551,S1L,10.59,0,636,13,112,65,36,8,1
652,NGC 4536,188.61271,2.18814,G,1808,0.006031,SUN,11.16,0,901,16,276,95,43,12,0
653,MESSIER 091,188.86022,14.49634,G,486,0.001621,SUN,10.96,0,586,14,94,59,28,8,0
654,NGC 4546,188.87296,-3.79319,G,1057,0.003526,UUN,11.3,0,213,9,108,38,18,6,0
655,NGC 4550,188.87743,12.22082,G,459,0.001531,UUN,12.3g,0,481,14,204,58,32,12,0
656,NGC 4551,188.90814,12.26398,G,1176,0.003923,UUN,12.97,0,375,7,150,40,28,10,0
657,MESSIER 089,188.91586,12.55634,G,340,0.001134,SUN,10.73,0,866,26,334,75,37,16,0
658,NGC 4559,188.99019,27.95999,G,814,0.002715,S1L,10.46,0,588,15,265,75,36,9,1
659,NGC 4565,189.08658,25.98767,G,1282,0.004276,S1L,10.42,0,738,22,188,68,34,8,0
660,NGC 4564,189.11243,11.43928,G,1142,0.003809,SUN,12.05,0,603,15,154,53,33,8,0
661,NGC 4567,189.13629,11.258,G,2247,0.007495,S1L,12.6g,0,350,12,102,45,36,11,1
662,NGC 4568,189.14275,11.23889,G,2232,0.007446,SLS,12.5g,0,429,15,111,48,37,11,1
663,NGC 4570,189.2225,7.24664,G,1787,0.005961,UUN,11.84,0,345,11,125,48,22,8,0
664,NGC 4571,189.23491,14.21735,G,332,0.001107,SLS,11.82,0,340,7,79,42,25,11,0
665,NGC 4589,189.35412,74.19192,G,1980,0.006605,UUN,11.69,0,286,14,141,43,21,8,0
666,NGC 4578,189.37734,9.55507,G,2292,0.007645,UUN,12.38,0,299,6,88,41,23,8,0
667,MESSIER 058,189.43134,11.81819,G,1517,0.00506,S1L,10.48,0,1054,26,433,102,52,15,0
668,NGC 4586,189.61833,4.31908,G,780,0.002603,SLS,12.7g,0,184,4,84,39,30,12,0
669,NGC 4592,189.82807,-0.53201,G,1069,0.003566,S1L,12.5g,0,171,3,75,46,36,11,0
670,NGC 4593,189.91427,-5.34426,G,2492,0.008312,SUN,11.67,0,924,23,289,78,64,6,1
671,NGC 4596,189.98311,10.17614,G,1892,0.006311,UUN,11.35,0,367,11,129,47,27,8,0
672,NGC 4605,189.99742,61.60919,G,136,0.000454,UUN,10.89,0,335,11,120,38,17,8,1
673,MESSIER 104,189.99763,-11.62305,G,1089,0.003633,SLS,8.98,0,1038,25,357,98,42,7,0
674,NGC 4603,190.23004,-40.97639,G,2592,0.008647,S1L,12.29,0,128,6,60,14,15,18,0
675,NGC 4608,190.30536,10.15566,G,1850,0.006171,UUN,11.97,0,208,6,73,31,24,10,0
676,NGC 4612,190.38646,7.31488,G,1775,0.005921,UUN,12.3g,0,232,9,127,40,23,10,0
677,NGC 4618,190.38688,41.15078,G,544,0.001815,SUN,11.22,0,363,12,132,55,27,8,1
678,MESSIER 059,190.50935,11.64703,G,467,0.001558,UUN,10.57,0,679,17,220,57,29,11,0
679,NGC 4631,190.53338,32.5415,G,610,0.002035,UUN,9.75,0,895,25,268,91,41,7,0
680,NGC 4638,190.6976,11.44251,G,1152,0.003843,UUN,12.1g,0,295,9,127,41,23,15,0
681,NGC 4636,190.70761,2.68778,G,938,0.003129,SUN,10.43,0,855,21,167,66,49,11,0
682,NGC 4639,190.71828,13.2574,G,1018,0.003395,S1L,12.24,0,681,18,132,56,31,8,1
683,NGC 4643,190.83391,1.97827,G,1333,0.004446,UUN,11.72,0,286,14,129,45,22,15,0
684,NGC 4647,190.88461,11.58187,G,1409,0.0047,S1L,11.94,0,404,11,84,47,35,8,0
685,MESSIER 060,190.91656,11.55271,G,1110,0.003703,UUN,9.81,0,1057,19,192,74,47,15,1
686,NGC 4651,190.92763,16.39339,G,800,0.002669,S1L,11.39,0,568,14,151,59,37,10,0
687,NGC 4654,190.98575,13.12668,G,1036,0.003456,S1L,12.0g,0,573,10,161,60,38,18,0
688,NGC 4656,190.99053,32.16815,GPair,646,0.002155,SUN,10.96,0,336,10,92,38,23,6,0
689,NGC 4645,191.04163,-41.74994,G,2630,0.008773,SUN,12.88,0,99,4,50,14,15,19,0
690,NGC 4650,191.08163,-40.73181,G,2953,0.00985,SUN,12.6,0,57,3,48,12,8,19,0
691,NGC 4660,191.13327,11.19053,G,1083,0.003612,UUN,12.16,0,407,11,181,51,28,7,1
692,NGC 4665,191.27497,3.05578,G,912,0.003042,UUN,10.5,0,192,6,87,32,17,12,0
693,NGC 4666,191.2858,-0.46189,G,1513,0.005047,S1L,11.49,0,386,10,178,62,38,12,1
694,NGC 4684,191.823,-2.7274,G,1560,0.005204,UUN,12.38,0,160,4,92,40,19,11,1
695,NGC 4689,191.93985,13.76281,G,1604,0.00535,SLS,11.6B,0,424,10,115,52,40,15,1
696,NGC 4691,192.05679,-3.33271,G,1120,0.003736,SLS,12.0g,0,274,9,118,45,28,10,1
697,NGC 4694,192.06283,10.98361,G,1160,0.003869,S1L,12.06,0,285,4,99,45,32,7,0
698,NGC 4698,192.09545,8.48738,G,1009,0.003366,S1L,11.46,0,495,15,139,65,41,11,0
699,NGC 4697,192.14949,-5.80074,G,1241,0.00414,SUN,10.14,0,689,17,160,50,31,8,2
700,NGC 4696,192.20521,-41.31083,G,2969,0.009904,SUN,11.39,0,411,13,164,44,34,18,0
701,NGC 4699,192.2593,-8.66486,G,1394,0.00465,SUN,10.41,0,245,12,86,24,18,7,1
702,NGC 4700,192.28396,-11.40986,G,1409,0.0047,UUN,12.63,0,106,6,51,28,15,5,0
703,2MASS J12493863+1509519,192.41084,15.16421,PofG,1227,0.004093,SLS,11.7g,0,8,0,41,5,3,8,0
704,NGC 4710,192.4118,15.16545,G,1102,0.003676,UUN,11.91,0,320,9,106,51,28,8,0
705,NGC 4713,192.49114,5.3114,G,654,0.002183,UUN,12.4g,0,344,6,175,59,44,15,0
706,NGC 4709,192.51617,-41.38197,G,4678,0.015604,SUN,12,0,117,5,84,20,19,21,0
707,NGC 4719,192.53632,33.15915,G,7071,0.023586,SLS,13.8g,0,124,2,84,33,28,11,0
708,NGC 4725,192.61076,25.5008,G,1209,0.004033,S1L,10.11,0,670,18,273,83,35,12,0
709,MESSIER 094,192.72109,41.12046,G,308,0.001027,S1L,8.99,0,1197,37,282,100,43,8,1
710,NGC 4731,192.75454,-6.39306,G,1491,0.004973,S1L,11.9,0,182,7,55,32,19,7,1
711,ESO 507- G 025,192.88267,-26.45208,G,3234,0.010788,S1L,13.02,0,89,2,75,28,20,18,0
712,NGC 4742,192.95017,-10.45472,G,1270,0.004236,SUN,12.83,0,228,5,83,26,13,7,0
713,IC 3829,193.05542,-29.84067,G,2833,0.00945,SLS,12.55,0,45,0,53,14,8,18,0
714,NGC 4754,193.0729,11.31389,G,1351,0.004506,UUN,11.52,0,315,10,141,45,19,12,0
715,NGC 4753,193.09213,-1.19969,G,1163,0.003879,UUN,10.85,0,322,10,90,39,23,8,0
716,NGC 4762,193.23354,11.23081,G,986,0.003289,UUN,11.12,0,404,9,108,40,25,8,0
717,NGC 4760,193.28012,-10.49419,G,4762,0.015884,SUN,12.88,0,125,5,93,25,16,6,0
718,SDSS J125328.52+021001.1,193.36885,2.16699,PofG,1028,0.003429,SLS,13.1g,0,2,0,21,4,4,4,0
719,NGC 4772,193.37151,2.16838,G,1040,0.003469,SUN,11.96,0,275,9,133,58,34,13,0
720,NGC 4767,193.47063,-39.71431,G,2995,0.00999,SUN,12.51,0,102,3,70,13,14,19,0
721,NGC 4781,193.59896,-10.53719,G,1260,0.004203,SUN,11.72,0,173,8,65,26,15,6,0
722,VV 201,193.65083,-12.56306,GPair,4886,0.016299,S1L,13.5,0,130,13,46,5,3,0,1
723,NGC 4800,193.65748,46.53116,G,836,0.00279,SLS,12.3,0,180,6,80,31,16,10,0
724,NGC 4793,193.66925,28.93867,G,2484,0.008286,S1L,12.3,0,238,7,97,50,38,8,0
725,PKS 1252-441,193.73964,-44.41572,G,12321,0.041098,SLS,15.5,0,43,0,45,27,12,2,0
726,NGC 4808,193.95396,4.30411,G,760,0.002535,S1L,12.35,0,263,4,98,49,33,7,0
727,IC 3896,194.18013,-50.34686,G,2046,0.006825,SUN,12.1,0,67,3,47,8,9,16,0
728,MESSIER 064,194.18184,21.68297,G,409,0.001364,S1L,9.36,0,827,24,298,91,32,10,0
729,NGC 4818,194.20375,-8.52531,G,1065,0.003552,SUN,12.1,0,169,3,100,27,16,7,0
730,NGC 4845,194.50497,1.57584,G,1098,0.003663,S1L,12.2g,0,259,3,107,54,33,12,0
731,NGC 4835,194.53267,-46.26422,G,2181,0.007275,UUN,12.45,0,99,6,63,20,19,16,0
732,IC 3956,194.73493,37.39818,G,10404,0.034703,SLS,15.5g,0,36,0,47,14,11,6,0
733,UGC 08098 NOTES01,194.7512,34.84513,HII,792,0.002642,SLS,15.2g,0,134,5,96,16,8,10,0
734,NGC 4868,194.78708,37.31033,G,4665,0.015561,SUN,12.97,0,87,2,55,21,10,7,0
735,NGC 4856,194.83863,-15.04217,G,1353,0.004513,SUN,11.49,0,110,5,52,15,7,7,0
736,NGC 4866,194.86308,14.17106,G,1980,0.006605,S1L,12.14,0,244,5,86,41,25,8,0
737,NGC 4874,194.89878,27.95927,G,7167,0.023907,SLS,12.7b,0,668,17,131,68,60,11,6
738,NGC 4886:[WLQ2016] X0001,195.03387,27.977,G,6446,0.021502,SLS,12.9g,0,569,12,214,58,51,15,3
739,NGC 4900,195.16354,2.50073,G,963,0.003212,S1L,12.2g,0,322,6,127,38,27,20,1
740,NGC 4914,195.17896,37.31528,G,4583,0.015287,SLS,12.49,0,105,2,44,22,12,7,0
741,NGC 4902,195.24887,-14.51364,G,2625,0.008756,SUN,11.61,0,182,8,57,18,12,7,0
742,ESO 443- G 024,195.25328,-32.44131,G,5109,0.017042,SUN,12.9,0,111,6,109,30,21,19,1
743,WISEA J130209.93+274851.2,195.5414,27.81429,G,13479,0.04496,PUN,14.2g,0,1,0,43,6,1,4,0
744,ESO 219- G 021,195.58817,-50.33406,G,1376,0.00459,UUN,13.28,0,53,2,45,12,14,16,0
745,NGC 4930,196.02196,-41.41158,G,2589,0.008636,UUN,12,0,78,3,63,13,13,19,0
746,NGC 4941,196.05475,-5.55161,G,1114,0.003716,S1L,12.43,0,387,12,198,70,43,9,0
747,NGC 4939,196.05996,-10.33961,G,3112,0.010381,S1L,11.9,0,325,11,116,49,40,12,1
748,NGC 4936,196.07039,-30.52626,G,3117,0.010397,SUN,11.77,0,120,7,48,17,18,18,1
749,NGC 4945,196.36449,-49.46821,G,563,0.001878,UUN,9.3,0,913,24,241,97,60,19,0
750,NGC 4958,196.45367,-8.02028,G,1455,0.004853,SUN,12.11,0,134,5,73,20,10,6,0
751,NGC 4976,197.15637,-49.50642,G,1453,0.004847,SUN,11.04,0,112,4,67,8,7,17,0
752,NGC 4984,197.23846,-15.51631,G,1279,0.004266,SUN,12.25,0,151,6,71,22,12,7,0
753,NGC 4995,197.41938,-7.83342,G,1744,0.005817,S1L,11.93,0,156,7,56,23,14,7,0
754,NGC 5005,197.7343,37.05921,G,946,0.003156,SUN,10.61,0,635,19,223,56,35,10,1
755,UGC 08266,197.84432,34.41805,G,11017,0.036748,SLS,14.5g,0,49,0,58,22,17,11,0
756,NGC 5014,197.8801,36.28213,G,1135,0.003787,SLS,13.3g,0,169,2,120,45,31,10,0
757,NGC 5012,197.90433,22.91549,G,2606,0.008694,SLS,12.8g,0,184,4,89,40,30,11,0
758,NGC 5016,198.02784,24.09501,G,2611,0.008709,S1L,13.49,0,193,3,92,43,32,12,0
759,NGC 5023,198.0525,44.04122,G,407,0.001358,S1L,12.85,0,227,3,50,34,16,7,0
760,NGC 5011,198.21608,-43.09622,G,3159,0.010537,UUN,12.41,0,103,4,63,19,15,19,1
761,NGC 5018,198.2543,-19.51819,G,2816,0.009393,UUN,11.2B,0,360,15,141,39,19,20,0
762,NGC 5033,198.36444,36.59394,G,873,0.002912,S1L,10.75,0,905,29,404,76,49,15,0
763,ESO 219- G 041,198.49179,-49.47819,G,3487,0.011631,S1L,12.9,0,37,2,48,13,9,17,0
764,NGC 5026,198.55683,-42.96128,G,3549,0.011838,SUN,12.48,0,55,3,37,11,9,18,0
765,NGC 5044,198.84987,-16.38553,G,2782,0.00928,UUN,11.83,0,336,11,144,47,30,6,0
766,NGC 5042,198.87925,-23.98406,G,1390,0.004637,S1L,12.75,0,94,2,57,23,13,18,0
767,MESSIER 063,198.95554,42.02928,G,500,0.001668,S1L,9.31,0,1143,28,268,108,40,8,2
768,NGC 5054,199.24371,-16.63486,G,1742,0.005811,UUN,10.8B,0,213,11,81,30,21,7,0
769,IC 4214,199.42788,-32.10169,G,2310,0.007705,SUN,12.16,0,95,3,50,21,19,19,0
770,NGC 5061,199.52113,-26.83722,G,2082,0.006945,UUN,11.44,0,269,6,79,19,12,18,0
771,NGC 5068,199.72837,-21.03911,G,670,0.002235,UUN,10.52,0,310,12,72,44,15,18,0
772,NGC 5064,199.74971,-47.90867,G,2980,0.00994,SUN,12.9,0,91,7,55,17,17,16,0
773,NGC 5077,199.88196,-12.65696,G,2806,0.00936,UUN,12.38,0,310,8,117,42,21,7,0
774,NGC 5078,199.95825,-27.41039,G,2168,0.007232,SUN,11.77,0,135,6,81,34,19,18,0
775,NGC 5084,200.0705,-21.82758,G,1721,0.005741,UUN,11.41,0,180,5,107,34,16,23,0
776,NGC 5085,200.07397,-24.44015,G,1956,0.006525,UUN,12.97,0,117,8,57,19,9,18,1
777,NGC 5087,200.104,-20.611,G,1858,0.006198,UUN,13.11,0,121,6,82,24,10,23,1
778,NGC 5090,200.3034,-43.70455,G,3386,0.011294,SUN,12.57,0,202,13,71,28,19,16,1
779,NGC 5101,200.44267,-27.43053,G,1868,0.006231,UUN,11.6,0,197,13,71,23,17,19,0
780,NGC 5102,200.49003,-36.63024,G,468,0.001561,UUN,10.35,0,341,9,94,30,21,18,1
781,NGC 5121,201.19004,-37.68219,G,1473,0.004913,SUN,11.51,0,80,5,57,15,11,19,0
782,NGC 5134,201.32729,-21.13417,G,1758,0.005864,UUN,12.83,0,126,6,56,21,17,19,0
783,NGC 5128,201.36506,-43.01911,G,547,0.001825,SUN,7.84,0,2299,33,532,133,71,22,0
784,NGC 5140,201.59054,-33.86847,G,3879,0.012939,SUN,12.77,0,64,4,56,14,11,17,0
785,WISEA J132647.82+531613.2,201.69949,53.27033,!*,9,0.000031,SLS,13.4g,0,0,0,33,4,1,4,0
786,2MASS J13270929+5325097,201.78862,53.41954,!*,13,0.000043,SLS,13.4g,0,0,0,21,3,1,4,0
787,NGC 5153,201.97637,-29.61803,G,4321,0.014413,SUN,12.83,0,72,2,43,18,13,18,0
788,HDE 234042,202.01112,53.40615,!*,25,0.000084,SLS,13.2g,0,0,0,30,4,1,4,0
789,NGC 5156,202.18371,-48.91681,G,2988,0.009967,UUN,12.49,0,75,5,55,15,14,16,0
790,NGC 5161,202.30796,-33.17383,G,2389,0.007969,S1L,12,0,145,8,77,23,23,19,0
791,HDE 234046,202.3549,53.79874,!*,18,0.000059,SLS,13.4g,0,0,0,33,4,1,4,0
792,NGC 5204,202.40213,58.41872,G,201,0.00067,S1L,11.73,0,459,23,80,44,16,8,3
793,NGC 5170,202.45328,-17.96642,G,1501,0.005006,UUN,12.35,0,182,11,99,30,21,19,1
794,MESSIER 051a,202.46963,47.19517,G,460,0.001534,SUN,8.96,0,2026,35,361,121,54,13,0
795,MESSIER 051b,202.49829,47.26614,G,455,0.001518,S1L,10.45,0,574,13,287,62,30,12,0
796,HD 117761,202.82358,53.16649,!*,66,0.00022,SLS,12.5g,0,0,0,34,5,1,4,0
797,NGC 5188,202.86783,-34.79442,G,2425,0.008089,SUN,12.96,0,98,4,71,19,14,19,1
798,BD +53 1632,203.17575,52.4992,!*,11,0.000038,SLS,13.5g,0,0,0,36,5,1,4,0
799,NGC 5206,203.43325,-48.15117,G,583,0.001945,UUN,11.6B,0,98,2,43,19,13,16,0
800,ESO 270- G 017,203.69708,-45.5475,G,828,0.002762,UUN,11.71,0,93,3,31,20,15,17,0
801,WISEA J133511.81+545650.4,203.79926,54.94724,!*,7,0.000024,SLS,13.7g,0,0,0,33,4,1,4,0
802,IC 4296,204.16262,-33.96583,G,3737,0.012465,UUN,11.61,0,471,20,214,57,32,24,0
803,WISEA J133642.56+523057.0,204.17763,52.51581,!*,22,0.000075,SLS,14.0g,0,0,0,37,5,1,4,0
804,MESSIER 083,204.25396,-29.86542,G,513,0.001711,UUN,8.2,0,1625,26,240,91,40,17,1
805,NGC 5248,204.38343,8.88518,G,1151,0.003839,S1L,10.97,0,511,19,147,59,36,12,1
806,NGC 5247,204.51267,-17.88403,G,1356,0.004523,S1L,10.5B,0,226,9,102,26,13,19,0
807,WISEA J133826.90+484822.8,204.61216,48.8064,!*,26,0.000087,SLS,13.1g,0,0,0,33,4,1,4,0
808,ESO 445- G 002,204.84783,-30.77406,G,4339,0.014473,SUN,12.78,0,38,2,47,11,10,18,0
809,NGC 5253,204.98318,-31.64011,G,407,0.001358,UUN,10.87,0,940,27,233,62,29,19,0
810,BD +53 1643,205.10167,53.22462,!*,4,0.000012,SLS,13.1g,0,0,0,30,4,1,4,0
811,WISEA J134029.84+475737.1,205.12427,47.96022,!*,4,0.000015,SLS,13.7g,0,0,0,37,5,1,4,0
812,BD +48 2146,205.22642,48.18997,!*,45,0.000149,SLS,13.2g,0,0,0,34,5,1,4,0
813,HDE 234061,205.40239,53.33755,!*,9,0.00003,SLS,13.4g,0,0,0,32,4,1,4,0
814,2MASS J13413928+4650341,205.41341,46.84253,!*,41,0.000137,SLS,13.5g,0,0,0,21,3,1,4,0
815,WISEA J134155.30+525657.4,205.48045,52.94922,!*,27,0.000089,SLS,13.3g,0,0,0,30,4,1,4,0
816,NGC 5273,205.53474,35.65421,G,1083,0.003611,SLS,12.5g,0,489,23,189,81,53,11,1
817,NGC 5266,205.75879,-48.16942,G,3002,0.010014,S1L,12.08,0,147,5,59,16,16,16,0
818,NGC 5297,206.59865,43.87235,G,2409,0.008036,SUN,12.47,0,189,8,78,35,18,12,1
819,NGC 5301,206.60279,46.10706,G,1508,0.00503,S1L,12.6g,0,174,5,77,39,29,11,0
820,NGC 5308,206.75178,60.97317,G,1998,0.006665,UUN,12.31,0,237,8,87,28,18,12,0
821,NGC 5311,207.23368,39.98511,G,2654,0.008852,SLS,13.3,0,111,2,93,35,21,13,0
822,IC 4329,207.27212,-30.29586,G,4539,0.01514,SUN,12.2,0,201,6,111,21,18,18,1
823,NGC 5322,207.31362,60.19053,G,1780,0.005937,UUN,11.14,0,401,9,148,46,20,9,0
824,ESO 383- G 087,207.32292,-36.06344,G,326,0.001087,SUN,11.03,0,110,4,44,21,14,17,0
825,WISEA J135145.09+482047.6,207.93797,48.34669,!*,13,0.000045,SLS,13.4g,0,0,0,33,4,1,4,0
826,WISEA J135203.67+472245.7,208.0154,47.37933,!*,4,0.000013,SLS,13.3g,0,0,0,37,5,1,4,0
827,NGC 5324,208.02454,-6.05831,G,3042,0.010147,SUN,12.55,0,76,3,47,17,15,6,1
828,NGC 5328,208.22214,-28.4894,G,4740,0.015811,SUN,12.67,0,120,5,75,19,15,21,0
829,NGC 5350,208.34013,40.36394,G,2325,0.007755,S1L,12.15,0,278,7,147,48,35,12,0
830,NGC 5353,208.36122,40.28303,G,2325,0.007755,SUN,11.96,0,315,10,159,59,35,8,0
831,NGC 5354,208.36126,40.30276,G,2579,0.008603,UUN,12.33,0,190,8,99,30,18,5,0
832,NGC 5333,208.60092,-48.51253,G,2752,0.00918,SLS,11.67,0,49,2,44,7,5,17,0
833,NGC 5371,208.91643,40.46176,G,2558,0.008533,S1L,11.32,0,383,13,155,40,26,16,3
834,NGC 5363,209.03004,5.25477,G,1139,0.003799,SUN,11.05,0,271,5,98,43,24,7,0
835,NGC 5364,209.05,5.01447,G,1268,0.004228,SLS,11.17,0,295,9,72,40,27,8,1
836,NGC 5377,209.06945,47.2357,G,1796,0.005991,S1L,12.5g,0,282,10,106,37,21,12,0
837,NGC 5383,209.27072,41.84626,G,2270,0.007572,SUN,12.0B,0,362,11,110,38,24,12,1
838,NGC 5365,209.461,-43.93131,G,2467,0.008229,SUN,12.45,0,66,6,45,10,10,19,0
839,IC 4351,209.47608,-29.31572,G,2674,0.008919,UUN,12.63,0,129,5,71,24,19,19,0
840,NGC 5395,209.65826,37.42448,G,3472,0.01158,SLS,12.8g,0,245,12,141,51,30,16,0
841,MESSIER 101,210.80227,54.34895,G,241,0.000804,SUN,8.31,0,1892,28,206,91,28,13,0
842,NGC 5408,210.83712,-41.37769,G,506,0.001688,UUN,12.5B,0,280,7,88,31,18,18,0
843,NGC 5427,210.85854,-6.03081,G,2618,0.008733,SUN,11.93,0,292,13,121,36,18,7,1
844,NGC 5419,210.91138,-33.97826,G,4126,0.013763,SUN,11.9,0,219,9,106,22,19,23,0
845,NGC 5474,211.25671,53.66222,G,262,0.000874,UUN,11.28,0,443,15,153,60,24,12,1
846,NGC 5488,212.01296,-33.31492,G,4360,0.014543,SUN,12.72,0,36,2,45,11,7,18,0
847,ESO 221- G 026,212.0993,-47.97046,G,1416,0.004723,SUN,12.1,0,60,1,51,8,6,17,0
848,NGC 5483,212.60429,-43.32461,G,1771,0.005907,UUN,11.93,0,102,5,69,18,16,18,0
849,NGC 5493,212.87242,-5.04361,G,2665,0.008889,UUN,12.27,0,124,5,50,15,9,7,0
850,NGC 5496,212.90775,-1.15911,G,1538,0.00513,S1L,12.7B,0,153,6,83,40,35,9,1
851,ESO 221- G 032,213.03787,-49.38963,G,2911,0.00971,UUN,12.76,0,53,1,44,14,12,16,0
852,Circinus Galaxy,213.29146,-65.33922,G,434,0.001448,UUN,12.1,0,739,15,258,76,44,15,0
853,NGC 5506,213.31205,-3.20758,G,1824,0.006084,S1L,12.8g,0,964,31,417,117,97,17,0
854,NGC 5529,213.89196,36.22658,G,2875,0.009591,UUN,12.9g,0,165,9,90,40,21,11,1
855,NGC 5516,213.97788,-48.11486,G,4123,0.013753,UUN,13,0,66,2,41,10,6,15,0
856,2MASX J14160456-4807385,214.01983,-48.12746,G,4170,0.01391,SUN,12.6,0,21,0,25,6,4,13,0
857,NGC 5533,214.03226,35.34383,G,3857,0.012866,S1L,12.7,0,194,7,81,31,20,11,0
858,NGC 5557,214.60718,36.49356,G,3219,0.010737,UUN,12.2g,0,231,6,80,39,18,11,1
859,NGC 5530,214.61314,-43.38859,G,1193,0.003979,UUN,11.87,0,122,6,28,14,14,18,0
860,NGC 5585,214.95083,56.72906,G,303,0.001011,S1L,11.2,0,437,12,111,44,22,12,0
861,SDSS J142019.52+035557.7,215.08136,3.93271,PofG,1592,0.00531,SLS,11.7g,0,2,0,21,4,5,4,0
862,NGC 5566,215.08287,3.93375,G,1507,0.005027,SUN,11.46,0,229,10,102,37,25,11,0
863,NGC 5576,215.26533,3.271,G,1506,0.005023,UUN,11.85,0,359,7,109,50,31,8,0
864,NGC 5638,217.41823,3.23332,G,1676,0.005591,SUN,12.2g,0,267,6,108,41,31,11,0
865,WISEA J143007.29+334641.9,217.53052,33.77832,!*,5696,0.019,PUN,10.8g,0,4,0,38,7,1,4,0
866,IC 4441,217.91092,-43.41844,G,1959,0.006535,S1L,12,0,93,6,50,16,17,19,0
867,NGC 5678,218.02337,57.92144,G,1902,0.006344,SLS,12.6g,0,267,11,130,40,25,11,0
868,IC 1029,218.11357,49.90461,G,2381,0.007942,S1L,13.3g,0,114,4,70,27,17,11,0
869,NGC 5643,218.16977,-44.17441,G,1199,0.003999,UUN,10.74,0,518,21,174,50,39,18,0
870,NGC 5676,218.19519,49.4579,G,2097,0.006994,SLS,12.3g,0,316,8,162,39,28,16,1
871,NGC 5668,218.35141,4.45046,G,1583,0.00528,S1L,13.4g,0,247,9,106,51,35,11,0
872,NGC 5689,218.87372,48.74165,G,2160,0.007205,SUN,12.8,0,150,5,63,27,17,7,0
873,BD +35 2587,219.46721,35.3324,!*,8394,0.028,PUN,14.3g,0,3,0,51,7,1,4,0
874,NGC 5701,219.79617,5.36348,G,1505,0.00502,S1L,11.76,0,260,14,100,40,30,12,0
875,NGC 5688,219.89646,-45.019,G,2800,0.00934,UUN,12.3b,0,53,2,58,15,16,18,0
876,NGC 5713,220.04794,-0.28897,G,1883,0.006281,SUN,12.18,0,413,11,220,66,29,12,1
877,NGC 5728,220.59957,-17.25308,G,2793,0.009316,S1L,12.81,0,533,20,236,68,54,11,1
878,NGC 5746,221.23299,1.955,G,1728,0.005764,S1L,11.29,0,360,9,94,45,37,7,1
879,NGC 5750,221.54634,-0.22295,G,1659,0.005535,SLS,12.6g,0,158,3,99,39,31,16,12
880,NGC 5775,223.48999,3.54446,G,1676,0.005591,UUN,12.2B,0,343,12,128,49,33,15,1
881,NGC 5792,224.59463,-1.09108,G,1926,0.006424,S1L,12.08,0,205,4,86,40,29,8,0
882,NGC 5791,224.69258,-19.26686,G,3350,0.011174,UUN,12.68,0,94,6,61,17,16,18,0
883,NGC 5786,224.73442,-42.01336,G,2998,0.01,SUN,12,0,56,3,54,13,7,7,0
884,NGC 5796,224.85045,-16.62386,G,2863,0.009549,S1L,12.7,0,141,4,91,21,14,10,0
885,NGC 5806,225.00167,1.89131,G,1347,0.004493,SLS,12.5g,0,318,8,109,41,39,11,0
886,NGC 5812,225.23208,-7.45736,G,1970,0.006571,UUN,12.19,0,171,7,55,21,17,6,0
887,NGC 5813,225.2968,1.70198,G,1956,0.006525,UUN,11.45,0,568,16,231,56,36,14,0
888,NGC 5831,226.02915,1.21992,G,1630,0.005438,SLS,12.4g,0,319,14,154,39,29,16,0
889,NGC 5838,226.35942,2.09933,G,1252,0.004176,UUN,11.92,0,281,12,124,38,20,10,0
890,NGC 5845,226.50338,1.6338,G,1664,0.00555,SUN,13.5,0,354,10,131,42,28,14,0
891,SDSS J150628.16+013621.0,226.61738,1.60585,PofG,1695,0.005654,SLS,11.8g,0,1,0,21,3,4,4,0
892,NGC 5846,226.62202,1.60562,G,1712,0.005711,UUN,11.05,0,753,23,189,62,54,11,0
893,NGC 5866,226.62291,55.76321,G,755,0.002518,UUN,10.74,0,563,24,277,72,38,7,0
894,NGC 5850,226.78203,1.54424,G,2545,0.008489,SLS,12.7g,0,338,9,122,38,30,16,1
895,NGC 5861,227.31704,-11.32167,G,1851,0.006174,S1L,12.3,0,183,7,74,24,19,6,1
896,NGC 5864,227.38983,3.05275,G,1885,0.006288,UUN,12.77,0,131,3,57,22,17,7,0
897,NGC 5879,227.44469,57.00019,G,771,0.002572,S1L,12.4g,0,297,6,147,42,26,18,0
898,NGC 5878,228.44046,-14.26983,G,1991,0.006641,S1L,12.98,0,121,4,59,22,18,7,1
899,ESO 274- G 001,228.55767,-46.80794,G,522,0.001741,UUN,11.7,0,110,3,48,25,15,16,0
900,NGC 5899,228.76344,42.04985,G,2590,0.008639,S1L,12.5,0,222,4,114,48,38,12,1
901,NGC 5885,228.76733,-10.08601,G,2000,0.006671,SUN,12.5,0,97,3,52,17,17,6,0
902,NGC 5907:[IDD2022] X026,228.97404,56.32877,G,665,0.002218,S1L,11.12,0,577,15,125,51,25,7,0
903,AP Lib,229.42422,-24.37208,G,14699,0.049031,SLS,15.08,0,500,16,203,78,40,19,0
904,NGC 5898,229.5565,-24.09794,G,2122,0.007078,SUN,12.49,0,171,9,69,21,15,18,0
905,NGC 5903,229.65221,-24.06858,G,2565,0.008556,UUN,12.2,0,158,9,61,25,18,18,0
906,NGC 5921,230.48567,5.07053,G,1480,0.004937,SUN,11.49,0,323,12,83,32,26,8,0
907,NGC 5965,233.51025,56.68561,G,3377,0.011265,SLS,11.5B,0,134,3,67,23,18,12,0
908,NGC 5962,234.13202,16.60778,G,1958,0.006531,S1L,12.2g,0,296,9,120,39,29,13,1
909,NGC 5964,234.40091,5.97401,G,1447,0.004827,SUN,12.6,0,144,7,86,35,26,7,0
910,NGC 5970,234.62488,12.18661,G,1957,0.006528,S1L,12.24,0,211,7,72,34,29,10,1
911,NGC 5982,234.66596,59.35584,G,3017,0.010064,SUN,12.1g,0,310,15,136,33,23,11,0
912,NGC 5985,234.90454,59.33194,G,2522,0.008412,S1L,11.87,0,286,8,82,34,22,8,0
913,NGC 5987,234.98904,58.07953,G,3008,0.010034,S1L,12.72,0,94,1,51,20,15,8,0
914,CGCG 050-083,235.89136,4.87204,G,11980,0.039961,SUN,15.1,0,75,0,83,27,11,10,0
915,NGC 6015,237.85512,62.31003,G,833,0.002779,S1L,11.69,0,288,7,101,29,23,8,0
916,HD 143002,239.20716,27.89844,!*,1,0.000003,SLS,13.5g,0,0,0,41,6,1,4,0
917,WISEA J155658.73+275445.0,239.24453,27.91265,!*,21,0.00007,SLS,14.3g,0,0,0,41,6,1,4,0
918,WISEA J155704.38+284802.1,239.26822,28.80071,!*,4,0.000012,SLS,14.2g,0,0,0,37,5,1,4,0
919,HD 143091,239.34557,28.30116,!*,11,0.000037,SLS,13.4g,0,0,0,37,5,1,4,0
920,HD 143142,239.4228,28.54808,!*,7,0.000025,SLS,13.7g,0,0,0,37,5,1,4,0
921,HD 143175,239.47337,27.59438,!*,2,0.000008,SLS,10.33,0,1,0,41,7,2,4,0
922,HD 143270,239.63103,27.16878,!*,27,0.00009,SLS,13.3g,0,1,0,39,7,2,4,0
923,WISEA J155848.61+272802.7,239.70267,27.46744,!*,52,0.000174,SLS,13.8g,0,1,0,41,7,2,4,0
924,BD +28 2505,240.06288,28.11776,!*,1,0.000003,SLS,13.5g,0,0,0,33,5,1,4,0
925,IC 4585,240.07348,-66.32229,G,3638,0.012135,SUN,13.01,0,29,2,25,8,8,6,0
926,BD +29 2753,240.27825,28.70593,!*,43,0.000144,SLS,13.0g,0,0,0,33,5,1,4,0
927,WISEA J160224.65+265645.1,240.60282,26.94597,!*,15,0.000049,SLS,14.3g,0,0,0,37,5,1,4,0
928,HD 144111,240.80155,28.85201,!*,32,0.000106,SLS,9.14,0,0,0,33,5,1,4,0
929,BD +29 2761,240.85259,29.11348,!*,4,0.000013,SLS,13.4g,0,0,0,30,4,1,4,0
930,WISEA J160345.07+272320.1,240.93783,27.38901,!*,38,0.000126,SLS,14.0g,0,0,0,37,5,1,4,0
931,NGC 6070,242.49454,0.70931,G,2004,0.006685,S1L,12.45,0,182,7,72,29,26,8,0
932,ESO 137- G 006,243.766,-60.90717,G,5444,0.018159,S1L,13.5B,0,106,5,89,17,15,17,0
933,ESO 137- G 007,243.88711,-60.66529,G,4945,0.016495,UUN,13.87,0,29,1,42,7,5,17,0
934,ESO 137- G 008,243.942,-60.91872,G,3839,0.012806,UUN,13.1B,0,53,1,38,7,7,13,2
935,ESO 137- G 010,243.959,-60.80306,G,3378,0.011268,SUN,12.46,0,52,2,38,8,6,14,1
936,ESO 137- G 012,244.08138,-61.29608,G,6330,0.021115,UUN,14.1B,0,17,1,33,5,5,13,0
937,ESO 137- G 014,244.29504,-58.31253,G,2764,0.00922,SUN,14.81,0,34,0,43,13,7,13,0
938,NGC 6140,245.24233,65.39056,G,908,0.003029,S1L,11.81,0,131,6,43,27,16,8,1
939,ESO 137- G 018,245.24329,-60.49103,G,605,0.002018,UUN,12.24,0,68,3,31,21,11,14,0
940,NGC 6118,245.45258,-2.28344,G,1573,0.005247,SUN,11.0B,0,231,5,77,31,29,8,2
941,ESO 137- G 019,245.47892,-60.66914,G,3249,0.010837,UUN,14.3B,0,25,2,32,7,5,13,0
942,ESO 137- G 024,246.45942,-60.75261,G,5264,0.017559,UUN,13.67,0,19,1,31,5,5,13,0
943,NGC 6181,248.08733,19.82656,G,2371,0.007909,S1L,12.49,0,286,8,84,32,23,8,0
944,NGC 6251,248.13321,82.53789,G,7408,0.02471,SUN,8.0 R,0,542,11,156,53,36,11,0
945,NGC 6217,248.16333,78.19817,G,1361,0.00454,SUN,11.79,0,351,12,84,31,17,8,1
946,NGC 6156,248.71896,-60.61881,G,3263,0.010885,S1L,12.3,0,83,2,107,33,16,16,0
947,ESO 137- G 034,248.80879,-58.08003,G,2741,0.009144,S1L,12.21,0,126,7,95,30,23,13,0
948,ESO 137- G 037,249.82654,-59.88631,G,5430,0.018113,SUN,14.82,0,24,0,33,7,6,15,0
949,ESO 137- G 038,250.21908,-60.39428,G,2100,0.007005,SUN,12.72,0,26,1,34,9,10,14,0
950,NGC 6207,250.76562,36.83242,G,852,0.002842,SUN,12.16,0,300,8,87,35,26,7,2
951,NGC 6210,251.12299,23.79983,!PN,14,0.000047,SUN,11.4g,0,23,1,50,7,1,6,0
952,ESO 069- G 009,252.06442,-69.13964,G,4768,0.015903,S1L,14.8I,0,12,2,35,9,3,3,0
953,NGC 6215,252.77838,-58.99347,G,1564,0.005217,UUN,12.0B,0,126,7,73,18,14,16,0
954,NGC 6221,253.19201,-59.21862,G,1499,0.004999,S1L,11.2B,0,294,18,132,37,34,17,0
955,MRK 0501,253.46757,39.76017,QSO,9888,0.032983,SLS,14.15,0,1263,22,353,135,87,11,0
956,ESO 138- G 005,253.47229,-58.77808,G,2648,0.008833,SUN,12.82,0,43,0,39,8,10,15,0
957,ESO 138- G 010,254.76229,-60.21603,G,1144,0.003816,UUN,11.59,0,78,3,71,18,13,16,0
958,ESO 138- G 014,256.74675,-62.08286,G,1508,0.00503,UUN,13.2,0,65,1,35,12,13,16,0
959,NGC 6340,257.60352,72.30443,G,1207,0.004026,S1L,11.87,0,211,7,100,27,13,10,0
960,NGC 6300,259.24779,-62.82056,G,1109,0.003699,UUN,10.98,0,405,21,184,59,47,21,0
961,UGC 10814 NOTES01,259.81039,48.9804,G,7250,0.024183,SUN,15.0r,0,205,6,97,45,28,5,0
962,WISEA J172323.20+363010.2,260.8467,36.50282,G,11992,0.04,SUN,16,0,52,1,68,17,11,6,1
963,NGC 6328,260.92096,-65.01017,G,4325,0.014428,S1L,13.16,0,176,8,119,43,25,15,0
964,ESO 138-IG 029,262.28987,-62.44561,G,4641,0.015481,SUN,12.75,0,35,1,34,8,7,16,0
965,NGC 6384,263.10125,7.06028,G,1665,0.005554,SUN,11.14,0,358,14,91,30,29,8,1
966,IC 4662,266.78694,-64.64176,G,302,0.001007,UUN,11.7B,0,225,8,88,32,19,37,0
967,NGC 6503,267.36013,70.14437,G,25,0.000083,UUN,10.91,0,539,15,138,40,20,8,1
968,NGC 6482,267.95337,23.07194,G,3844,0.012821,SLS,12.35,0,201,8,105,42,25,9,0
969,NGC 6492,270.70146,-66.43064,G,4342,0.014482,S1L,12.3,0,50,1,51,15,12,17,0
970,NGC 6550,271.49683,18.58725,G,2208,0.007365,UUN,12.73,0,55,1,40,19,12,8,0
971,NGC 6574,272.96346,14.98178,G,2289,0.007635,S1L,12.83,0,202,9,87,25,22,8,0
972,NGC 6643,274.94338,74.56836,G,1484,0.00495,SUN,11.73,0,359,10,119,35,23,8,0
973,NGC 6632,276.26288,27.53531,G,4762,0.015884,SUN,12.94,0,48,0,49,12,5,8,0
974,IC 4704,276.9735,-71.60986,G,3642,0.012148,UUN,13.17,0,47,2,48,10,8,17,0
975,IC 4710,277.15821,-66.98228,G,739,0.002465,UUN,12.5,0,106,6,80,19,9,16,0
976,IC 4721,278.60317,-58.49661,G,2235,0.007455,UUN,12.38,0,74,5,64,16,17,17,0
977,NGC 6689,278.70938,70.52392,G,489,0.001631,SUN,13.1,0,139,8,81,26,19,7,0
978,NGC 6674,279.64112,25.37514,G,3429,0.011438,S1L,13,0,128,5,58,21,14,8,0
979,WISEA J184430.78+220427.4,281.12825,22.07431,G,13760,0.0459,SUN,14.6b,0,15,2,43,7,2,2,0
980,NGC 6673,281.27633,-62.29722,G,1171,0.003906,UUN,12.57,0,72,2,44,12,18,17,0
981,IC 4765,281.82469,-63.33133,G,4507,0.015034,SUN,12.33,0,88,3,27,13,21,16,0
982,NGC 6703,281.82846,45.55064,G,2268,0.007565,S1L,12.32,0,233,7,91,29,22,8,0
983,NGC 6684,282.24117,-65.17344,G,883,0.002945,SUN,11.31,0,134,5,66,16,16,15,0
984,IC 4797,284.12367,-54.30578,G,2678,0.008933,SUN,12.3,0,105,6,57,13,16,17,0
985,ESO 183- G 030,284.23308,-54.54544,G,2688,0.008966,SUN,12.65,0,70,4,54,10,8,17,0
986,NGC 6744,287.44208,-63.85753,G,841,0.002805,UUN,9.14,0,280,11,115,32,19,15,0
987,NGC 6753,287.8485,-57.04956,G,3169,0.01057,S1L,11.97,0,168,12,89,23,17,17,0
988,NGC 6758,288.46808,-56.30994,G,3404,0.011355,SUN,12.65,0,93,7,58,11,10,17,0
989,IC 4831,288.68267,-62.27261,G,4345,0.014494,S1L,13.6b,0,52,2,50,12,10,17,0
990,IC 4837A,288.81738,-54.1325,G,2847,0.009498,S1L,12.55,0,62,4,52,15,10,16,0
991,NGC 6769,289.5945,-60.50108,G,3863,0.012886,SUN,12.55,0,74,9,51,8,10,17,0
992,NGC 6770,289.6555,-60.49647,G,3841,0.012813,S1L,12.83,0,56,7,54,8,11,16,0
993,NGC 6776,291.32979,-63.86017,G,5480,0.018279,SUN,13.05,0,91,4,79,11,9,17,0
994,UGC 11453,292.78358,54.10217,G,3849,0.012839,S1L,12.9B,0,47,2,45,14,11,8,0
995,ESO 142- G 019,293.329,-58.11425,G,4390,0.014643,S1L,11.82,0,42,4,52,7,6,17,0
996,NGC 6814,295.66935,-10.32349,G,1565,0.00522,S1L,12.06,0,725,22,201,53,49,7,0
997,UGC 11466,295.74483,45.29819,G,824,0.002749,S1L,12.7,0,66,2,60,27,18,5,0
998,NGC 6810,295.8927,-58.65559,G,2031,0.006775,SUN,12.37,0,168,9,147,28,21,19,0
999,NGC 6824,295.91958,56.10947,G,3546,0.011828,UUN,13,0,87,3,74,23,16,8,0
1000,IC 4889,296.31313,-54.34414,G,2574,0.008586,SUN,12.06,0,151,7,56,17,17,17,0
1001,IC 4901,298.59804,-58.71356,G,2138,0.007132,UUN,12.29,0,78,2,52,15,12,16,0
1002,WISEA J195959.83+650854.7,299.99938,65.14851,G,14090,0.047,SMU,14.71,0,419,7,143,70,42,2,0
1003,NGC 6869,300.17671,66.22753,G,2732,0.009113,SUN,13.11,0,52,1,46,18,11,8,0
1004,IC 4931,300.20983,-38.57506,G,6008,0.02004,SUN,12.96,0,59,3,61,11,11,19,0
1005,ESO 185- G 054,300.86262,-55.94717,G,4434,0.01479,SUN,11.3,0,63,3,44,10,9,17,0
1006,NGC 6861,301.83117,-48.37022,G,2829,0.009437,UUN,12.12,0,186,6,111,32,19,20,0
1007,NGC 6861D,302.08117,-48.21142,G,2633,0.008783,SUN,13.38,0,55,3,62,15,9,17,0
1008,NGC 6868,302.47529,-48.37956,G,2854,0.00952,SUN,11.66,0,225,7,151,36,25,21,0
1009,NGC 6872,304.23566,-70.76794,G,4818,0.016071,SUN,12.69,0,75,6,74,15,12,17,1
1010,NGC 6876,304.57979,-70.85881,G,4010,0.013376,SUN,12.06,0,130,5,93,15,16,20,0
1011,IC 4991,304.597,-41.05017,G,5650,0.018846,SUN,11.56,0,66,2,45,12,11,19,0
1012,NGC 6893,305.20683,-48.23908,G,3056,0.010194,SUN,12.79,0,65,6,57,11,8,17,0
1013,ESO 462- G 015,305.80767,-27.71456,G,5738,0.01914,SUN,12.95,0,60,1,64,10,6,18,0
1014,NGC 6902,306.11725,-43.65353,G,2796,0.009326,UUN,11.64,0,126,9,80,17,13,19,0
1015,NGC 6907,306.27762,-24.80917,G,3169,0.010571,S1L,11.4B,0,211,11,115,43,30,19,0
1016,IC 5011,307.14092,-36.02711,G,2325,0.007755,SUN,12.67,0,51,2,40,9,12,18,0
1017,NGC 6925,308.58571,-31.98089,G,2789,0.009303,S1L,12.07,0,153,3,102,27,20,19,0
1018,NGC 6946,308.71801,60.15391,G,48,0.00016,SUN,8.23B,0,1873,30,264,104,32,12,0
1019,NGC 6951,309.30871,66.10564,G,1424,0.00475,SUN,10.0B,0,465,26,106,36,21,8,1
1020,WISEA J203949.94-005928.1,309.95815,-0.99115,!*,8994,0.03,PUN,12.2B,0,3,0,42,6,1,4,0
1021,LQAC 311+028 001,311.01875,28.55336,G,14780,0.0493,S1L,15.1r,0,33,1,30,12,11,0,0
1022,NGC 6943,311.14058,-68.74772,G,3114,0.010387,UUN,12.05,0,93,3,62,17,19,17,0
1023,NGC 6958,312.17746,-37.99742,G,2713,0.00905,SUN,12.33,0,168,6,89,17,14,19,0
1024,IC 5052,313.02321,-69.20164,G,584,0.001948,UUN,11.6B,0,156,7,68,30,16,17,0
1025,ESO 107- G 004,315.87342,-67.18133,G,3116,0.010394,SUN,12.1r,0,73,2,53,15,13,17,0
1026,NGC 7013,315.8899,29.89747,G,779,0.002598,SUN,12.4,0,168,7,81,25,15,8,0
1027,UGC 11689,317.40379,66.16994,G,2895,0.009657,S1L,14.4,0,39,0,41,13,11,7,0
1028,NGC 7029,317.96688,-49.28372,G,2839,0.00947,UUN,12.35,0,114,5,62,14,12,17,0
1029,NGC 7041,319.13492,-48.36356,G,1946,0.006491,SUN,12.09,0,96,5,64,16,12,17,0
1030,NGC 7049,319.75126,-48.56216,G,2285,0.007622,SUN,11.72,0,156,6,95,21,14,17,0
1031,IC 5105,321.09171,-40.53772,G,5407,0.018036,SUN,12.62,0,83,7,51,8,10,19,1
1032,NGC 7064,322.26242,-52.7676,G,767,0.002558,SUN,13.1,0,89,6,51,22,18,16,1
1033,NGC 7079,323.14688,-44.06756,G,2684,0.008953,UUN,12.46,0,121,8,99,17,12,19,0
1034,IC 1392,323.88621,35.39833,G,4320,0.014409,SLS,12.5,0,48,2,39,13,9,6,0
1035,NGC 7083,323.93621,-63.90283,G,3101,0.010344,UUN,11.87,0,186,6,108,22,19,17,0
1036,NGC 7090,324.12025,-54.55733,G,847,0.002825,UUN,11.33,0,177,5,98,42,22,17,0
1037,NGC 7097,325.05379,-42.53939,G,2616,0.008726,UUN,12.61,0,124,8,55,16,15,19,0
1038,NGC 7098,326.06717,-75.11133,G,2381,0.007942,S1L,12.23,0,81,7,77,13,10,17,0
1039,NGC 7135,327.44171,-34.87628,G,2644,0.008819,UUN,12.71,0,107,6,54,15,13,19,0
1040,NGC 7095,328.11017,-81.53083,G,2570,0.008573,UUN,12.23,0,81,3,55,17,13,16,0
1041,NGC 7144,328.17678,-48.25376,G,1932,0.006444,SUN,11.7,0,151,7,72,13,16,17,0
1042,NGC 7145,328.33433,-47.88244,G,1967,0.006561,UUN,12.04,0,121,7,63,12,15,17,1
1043,UGC 11861,329.1,73.26072,G,1478,0.00493,S1L,14.2,0,107,4,47,22,14,5,1
1044,NGC 7166,330.13717,-43.38972,G,2466,0.008226,SUN,12.85,0,78,7,54,15,12,19,0
1045,NGC 7177,330.17183,17.73806,G,1149,0.003833,S1L,12.01,0,242,15,84,28,26,10,0
1046,NGC 7172,330.50788,-31.86967,G,2603,0.008683,SUN,12.85,0,497,13,302,71,61,24,0
1047,NGC 7173,330.51329,-31.97369,G,2497,0.008329,SUN,13.08,0,138,5,77,19,20,18,2
1048,NGC 7174,330.52688,-31.99297,G,2659,0.008869,SUN,14.23,0,88,5,84,16,14,15,1
1049,NGC 7176,330.53518,-31.98976,G,2511,0.008376,SUN,12.34,0,121,5,92,17,15,20,0
1050,NGC 7184,330.66592,-20.81283,G,2623,0.008749,S1L,12.24,0,178,9,79,23,20,19,0
1051,IC 5152,330.67296,-51.29644,G,122,0.000407,UUN,11.0B,0,230,9,54,38,16,16,0
1052,CGCG 403-019,331.07358,4.66722,G,8094,0.027,SUN,15.2,0,196,7,93,34,18,6,0
1053,NGC 7196,331.47838,-50.11933,G,2923,0.00975,UUN,12.4,0,127,5,106,22,18,19,0
1054,UGC 11909,331.56738,47.25122,G,1105,0.003686,SUN,13.25,0,56,3,49,16,12,7,0
1055,NGC 7192,331.709,-64.31625,G,2978,0.009934,UUN,12.19,0,142,6,64,19,14,17,0
1056,NGC 7217,331.96831,31.35935,G,952,0.003176,SUN,11.02,0,447,20,102,28,23,8,1
1057,UGC 11920,332.11413,48.44078,G,1103,0.003679,SUN,12.86,0,44,2,39,17,14,7,0
1058,NGC 7205,332.14288,-57.44258,G,1686,0.005623,S1L,11.55,0,139,6,80,22,18,17,0
1059,NGC 7213,332.31796,-47.16661,G,1750,0.005839,S1L,11.01,0,572,13,263,64,51,17,0
1060,IC 5181,333.34042,-46.01761,G,1987,0.006628,SUN,12.51,0,86,5,48,9,9,17,0
1061,WISEA J221416.48-001617.0,333.56861,-0.27146,!*,13850,0.0462,PUN,14.1g,0,1,0,41,6,1,4,0
1062,NGC 7232,333.90833,-45.85008,G,1915,0.006388,S1L,12.95,0,64,6,44,12,14,17,0
1063,UGC 11973,334.21037,41.50283,G,4215,0.01406,S1L,12.9,0,57,0,56,20,12,7,0
1064,IC 5201,335.23933,-46.03586,G,915,0.003052,UUN,11.3,0,148,8,78,24,18,16,0
1065,NGC 7314,338.94246,-26.05047,G,1428,0.004763,UUN,11.88,0,516,14,284,66,52,24,0
1066,NGC 7331,339.26672,34.41552,G,816,0.002722,SUN,10.35,0,1079,30,280,86,43,8,0
1067,NGC 7332,339.35225,23.79833,G,1197,0.003993,UUN,12.02,0,351,11,92,31,24,8,0
1068,NGC 7329,340.10092,-66.47897,G,3252,0.010847,UUN,12.1,0,124,7,62,19,16,17,0
1069,IC 5240,340.46825,-44.76717,G,1765,0.005886,S1L,12.78,0,105,6,74,17,13,17,0
1070,IC 5250A,341.82292,-65.05972,G,3169,0.010571,SUN,12.21,0,38,1,15,8,5,13,0
1071,IC 5250B,341.84233,-65.0585,G,3189,0.010637,SUN,12.2,0,32,1,41,8,6,13,0
1072,NGC 7377,341.94792,-22.31211,G,3339,0.011138,SUN,12.07,0,120,3,82,21,13,17,0
1073,WISEA J225310.75-040849.1,343.29478,-4.14693,G,7585,0.025301,SLS,16.43,0,14,1,38,6,3,2,0
1074,NGC 7410,343.75396,-39.66133,G,1790,0.00597,SUN,11.61,0,128,5,90,20,18,19,0
1075,NGC 7412,343.94063,-42.64203,G,1710,0.005704,UUN,11.88,0,140,7,79,22,15,19,0
1076,NGC 7418,344.15067,-37.03008,G,1450,0.004837,UUN,12.3,0,195,7,80,23,18,17,1
1077,IC 1459,344.2942,-36.46222,G,1802,0.006011,S1L,10.97,0,546,22,206,65,39,24,0
1078,IC 5267,344.30654,-43.39614,G,1712,0.005711,UUN,11.43,0,167,9,80,20,14,19,2
1079,NGC 7424,344.32654,-41.07058,G,929,0.0031,SST,10.96,0,234,6,68,23,19,19,0
1080,IC 5271,344.50758,-33.74222,G,1718,0.005729,S1L,12.9,0,96,5,85,25,19,19,1
1081,IC 5273,344.86125,-37.70289,G,1293,0.004312,S1L,12.22,0,152,8,69,23,20,19,1
1082,NGC 7448,345.01496,15.98033,G,2194,0.007318,SUN,12.2,0,285,6,117,32,28,8,0
1083,NGC 7457,345.24973,30.14494,G,844,0.002815,UUN,12.09,0,414,16,124,40,26,7,0
1084,NGC 7456,345.54342,-39.56939,G,1199,0.003999,UUN,12.78,0,121,5,70,20,15,18,0
1085,NGC 7462,345.69371,-40.83525,G,1064,0.003549,UUN,12.53,0,102,5,62,25,18,18,0
1086,NGC 7479,346.23604,12.32289,G,2376,0.007925,SUN,11.6,0,712,23,207,70,51,13,0
1087,NGC 7497,347.26421,18.17719,G,1708,0.005697,SUN,12.96,0,108,2,69,26,18,8,1
1088,NGC 7496,347.44704,-43.42794,G,1649,0.0055,S1L,11.91,0,303,15,154,36,23,19,1
1089,NGC 7507,348.03163,-28.53961,G,1546,0.005157,SUN,12.23,0,192,9,90,25,22,17,0
1090,NGC 7513,348.30846,-28.3575,G,1564,0.005217,SUN,11.3B,0,99,6,55,21,15,19,0
1091,NGC 7541,348.68288,4.53436,G,2692,0.00898,S1L,11.3B,0,385,10,87,30,30,8,1
1092,NGC 7531,348.70208,-43.59994,G,1596,0.005324,UUN,12.04,0,159,7,69,18,19,19,0
1093,NGC 7562,348.98958,6.68753,G,3608,0.012035,SUN,12.63,0,191,8,77,25,26,7,0
1094,NGC 7552,349.04483,-42.58474,G,1608,0.005365,S1L,11.25,0,520,22,262,63,33,19,3
1095,NGC 7585,349.50558,-4.65031,G,3539,0.011805,UUN,12.5,0,126,6,101,12,13,6,0
1096,NGC 7582,349.59792,-42.37056,G,1575,0.005254,SUN,11.37,0,784,27,351,78,63,19,1
1097,NGC 7590,349.72838,-42.23906,G,1575,0.005255,S1L,12.11,0,286,11,152,32,30,19,0
1098,NGC 7606,349.76991,-8.48509,G,2234,0.007452,S1L,12.3g,0,233,7,107,26,29,15,1
1099,NGC 7599,349.83808,-42.25683,G,1651,0.005508,S1L,12.08,0,149,6,72,21,22,18,0
1100,NGC 7619,350.06055,8.20625,G,3762,0.012549,SUN,12.1,0,461,10,127,50,40,12,0
1101,NGC 7626,350.17728,8.21697,G,3405,0.011358,SUN,12.16,0,454,21,133,41,32,11,1
1102,NGC 7640,350.52742,40.84542,G,369,0.001231,SUN,11.86,0,223,10,58,30,18,8,0
1103,WISEA J232721.96+152437.3,351.84152,15.41036,G,13781,0.045967,SLS,15.2g,0,107,1,90,45,29,6,1
1104,IC 5325,352.18096,-41.33347,G,1503,0.005013,SUN,11.83,0,121,4,73,17,8,19,0
1105,IC 5328,353.31858,-45.01597,G,3137,0.010464,SUN,12.34,0,112,7,54,13,14,17,0
1106,PKS 2331-240,353.48016,-23.72796,G,14300,0.0477,SUN,16.5,0,178,3,102,54,25,2,0
1107,IC 5332,353.61454,-36.10108,G,701,0.002338,UUN,11.0B,0,182,6,72,32,12,19,0
1108,NGC 7713,354.06246,-37.93808,G,696,0.002322,UUN,11.6B,0,168,5,69,27,25,19,0
1109,ESO 240- G 010,354.43383,-47.5057,G,3302,0.011014,SUN,12.6,0,56,2,51,14,8,16,0
1110,ESO 240- G 011,354.45612,-47.72736,G,2843,0.009483,UUN,13.2,0,117,10,79,26,18,16,1
1111,NGC 7721,354.70271,-6.51786,G,2017,0.006728,S1L,12.22,0,197,6,72,25,20,6,0
1112,NGC 7723,354.73783,-12.96108,G,1863,0.006214,S1L,11.94,0,243,6,68,22,19,7,0
1113,NGC 7727,354.97385,-12.29278,G,1795,0.005987,UUN,11.5,0,201,7,64,21,13,7,0
1114,NGC 7741,355.97654,26.07561,G,750,0.002502,UUN,11.84,0,336,12,53,37,24,10,1
1115,NGC 7743,356.08808,9.93408,G,1697,0.00566,SUN,12.38,0,316,16,148,41,24,10,0
1116,NGC 7744,356.24683,-42.91092,G,3098,0.010334,SUN,12.87,0,64,5,46,11,8,19,0
1117,NGC 7755,356.96567,-30.52203,G,2958,0.009867,UUN,12.56,0,150,3,87,24,22,19,0
1118,NGC 7771,357.85335,20.11174,G,4335,0.01446,S1L,12.2B,0,340,13,258,62,31,8,0
1119,NGC 7793,359.45763,-32.59103,G,227,0.000757,UUN,9.98,0,884,16,227,78,30,19,0
1120,NGC 7796,359.74906,-55.45832,G,3290,0.010974,SUN,12.46,0,116,4,78,21,18,19,0